k_on,k_off,replicate,eq_time
0.01,0.01,0,3.6334236366188315
0.01,0.01,1,4.107087702660501
0.01,0.01,2,5.011450866896186
0.01,0.01,3,2.2543025112880426
0.01,0.01,4,3.646720053835277
0.01,0.01,5,3.2676436541980274
0.01,0.01,6,3.6326115513407413
0.01,0.01,7,3.1463114256220246
0.01,0.01,8,3.7376903383675155
0.01,0.01,9,4.2650589728875135
0.01,0.01,10,3.836022724209274
0.01,0.01,11,4.552870939201772
0.01,0.01,12,3.0034621532604313
0.01,0.01,13,3.4630425990121947
0.01,0.01,14,2.5105990479955924
0.01,0.01,15,3.3746942070928743
0.01,0.01,16,4.235450902449925
0.01,0.01,17,3.763492768393997
0.01,0.01,18,3.495537658660141
0.01,0.01,19,2.2001630074186735
0.01,0.01,20,3.1482941267903217
0.01,0.01,21,3.1179818831922015
0.01,0.01,22,3.484413819314698
0.01,0.01,23,3.696095723943774
0.01,0.01,24,3.155433866572304
0.01,0.01,25,3.212989510673138
0.01,0.01,26,2.163785953390192
0.01,0.01,27,4.3550234759930015
0.01,0.01,28,4.567545821524206
0.01,0.01,29,2.6845541798419643
0.01,0.01,30,2.660689082703404
0.01,0.01,31,3.5201744909634085
0.01,0.01,32,3.5777721271263383
0.01,0.01,33,4.233837796311455
0.01,0.01,34,2.6005430964142664
0.01,0.01,35,2.8398694753029146
0.01,0.01,36,2.9170839476029577
0.01,0.01,37,3.358057088698236
0.01,0.01,38,2.97886125443757
0.01,0.01,39,2.683689670571474
0.01,0.01,40,2.977839917091176
0.01,0.01,41,2.5438942828209643
0.01,0.01,42,2.4411995288087964
0.01,0.01,43,3.644201459056996
0.01,0.01,44,3.6792132886139415
0.01,0.01,45,2.7492438752621924
0.01,0.01,46,2.8375567139305415
0.01,0.01,47,4.761977781058784
0.01,0.01,48,3.0555921954215313
0.01,0.01,49,5.000803582674042
0.01,0.01,50,3.10641947843196
0.01,0.01,51,4.298708025737605
0.01,0.01,52,3.4398449020077244
0.01,0.01,53,3.6905815322768096
0.01,0.01,54,3.43448247335241
0.01,0.01,55,2.6904100126876282
0.01,0.01,56,2.5759411853968386
0.01,0.01,57,3.400393674804276
0.01,0.01,58,2.3275725379849
0.01,0.01,59,5.031749203605811
0.01,0.01,60,3.808347091356445
0.01,0.01,61,3.598921265235397
0.01,0.01,62,3.1887209710923456
0.01,0.01,63,2.8916420383376793
0.01,0.01,64,4.440659741265875
0.01,0.01,65,3.6936855705747713
0.01,0.01,66,2.615938227407219
0.01,0.01,67,4.39264690692189
0.01,0.01,68,3.8905446089338036
0.01,0.01,69,4.457492372860851
0.01,0.01,70,3.569794801622229
0.01,0.01,71,3.290148913406117
0.01,0.01,72,2.746134296862523
0.01,0.01,73,4.059101460643597
0.01,0.01,74,3.1125481267660784
0.01,0.01,75,2.9943580699697874
0.01,0.01,76,4.313094454836652
0.01,0.01,77,3.2928822968969893
0.01,0.01,78,2.505946271453485
0.01,0.01,79,4.974671284718908
0.01,0.01,80,3.625217391357608
0.01,0.01,81,3.9148689414748445
0.01,0.01,82,3.3184990151310503
0.01,0.01,83,1.9190563298635608
0.01,0.01,84,2.493217899401398
0.01,0.01,85,4.000998695539756
0.01,0.01,86,4.711004457356515
0.01,0.01,87,3.5245317847334263
0.01,0.01,88,2.7611857901028354
0.01,0.01,89,2.837932444019151
0.01,0.01,90,3.2728711484017645
0.01,0.01,91,3.9849564519728484
0.01,0.01,92,3.1368638031883056
0.01,0.01,93,3.679425310576463
0.01,0.01,94,4.347401049503908
0.01,0.01,95,3.064779331976333
0.01,0.01,96,3.9462301063135694
0.01,0.01,97,3.1188841114736863
0.01,0.01,98,4.2785329762747315
0.01,0.01,99,2.372794483350483
0.01,0.03162277660168379,0,3.748818374664214
0.01,0.03162277660168379,1,4.430544381934288
0.01,0.03162277660168379,2,4.170103071960275
0.01,0.03162277660168379,3,3.1725611096216713
0.01,0.03162277660168379,4,2.6950709371330985
0.01,0.03162277660168379,5,3.2343657467194675
0.01,0.03162277660168379,6,3.7845407615772424
0.01,0.03162277660168379,7,2.923760769804507
0.01,0.03162277660168379,8,4.757038655074873
0.01,0.03162277660168379,9,3.5481657464398833
0.01,0.03162277660168379,10,2.9863551345297843
0.01,0.03162277660168379,11,3.1979436702294617
0.01,0.03162277660168379,12,2.8091402287920175
0.01,0.03162277660168379,13,2.453216107653713
0.01,0.03162277660168379,14,3.789611634926621
0.01,0.03162277660168379,15,4.209458787877651
0.01,0.03162277660168379,16,3.9570174502839355
0.01,0.03162277660168379,17,4.620655030658991
0.01,0.03162277660168379,18,2.7711444069854996
0.01,0.03162277660168379,19,3.438252119800356
0.01,0.03162277660168379,20,5.489537365530451
0.01,0.03162277660168379,21,3.741733173841396
0.01,0.03162277660168379,22,4.113059930312176
0.01,0.03162277660168379,23,2.167492591084653
0.01,0.03162277660168379,24,3.4499036991483942
0.01,0.03162277660168379,25,4.318428847567211
0.01,0.03162277660168379,26,2.79148240415862
0.01,0.03162277660168379,27,3.7213429506609867
0.01,0.03162277660168379,28,3.8083974274231434
0.01,0.03162277660168379,29,3.4202402647769237
0.01,0.03162277660168379,30,2.628050009226222
0.01,0.03162277660168379,31,2.756455638338543
0.01,0.03162277660168379,32,2.511218853485475
0.01,0.03162277660168379,33,3.8540823411345375
0.01,0.03162277660168379,34,3.8006529762345935
0.01,0.03162277660168379,35,2.7474681476343195
0.01,0.03162277660168379,36,4.782108312988885
0.01,0.03162277660168379,37,2.5475640229922876
0.01,0.03162277660168379,38,3.1796044234788203
0.01,0.03162277660168379,39,4.643362818713671
0.01,0.03162277660168379,40,2.4749801749879405
0.01,0.03162277660168379,41,4.548156172985947
0.01,0.03162277660168379,42,5.951340007983516
0.01,0.03162277660168379,43,3.4887640859658573
0.01,0.03162277660168379,44,3.1455593930745667
0.01,0.03162277660168379,45,4.6710699859749605
0.01,0.03162277660168379,46,3.9189736399433976
0.01,0.03162277660168379,47,2.236284635899482
0.01,0.03162277660168379,48,2.526889389690449
0.01,0.03162277660168379,49,2.8335290141284215
0.01,0.03162277660168379,50,3.0125874783116333
0.01,0.03162277660168379,51,4.818103100198138
0.01,0.03162277660168379,52,5.53886192315608
0.01,0.03162277660168379,53,2.860023286610087
0.01,0.03162277660168379,54,3.434159311731239
0.01,0.03162277660168379,55,2.39152671535292
0.01,0.03162277660168379,56,3.7912637595485292
0.01,0.03162277660168379,57,3.471519102476089
0.01,0.03162277660168379,58,4.648934947908298
0.01,0.03162277660168379,59,4.58925062477168
0.01,0.03162277660168379,60,3.311042568669457
0.01,0.03162277660168379,61,2.765310263378451
0.01,0.03162277660168379,62,3.755393676030365
0.01,0.03162277660168379,63,3.3482944159803205
0.01,0.03162277660168379,64,3.1295928117105682
0.01,0.03162277660168379,65,2.612759934497101
0.01,0.03162277660168379,66,2.4685730889575286
0.01,0.03162277660168379,67,6.3667964827801296
0.01,0.03162277660168379,68,3.8817411160803217
0.01,0.03162277660168379,69,5.073592689284361
0.01,0.03162277660168379,70,2.972912712524383
0.01,0.03162277660168379,71,3.8319729379425382
0.01,0.03162277660168379,72,3.430946212738199
0.01,0.03162277660168379,73,2.890366388907709
0.01,0.03162277660168379,74,3.684624853387899
0.01,0.03162277660168379,75,3.4399833895022436
0.01,0.03162277660168379,76,4.996539822257646
0.01,0.03162277660168379,77,2.8178624757833792
0.01,0.03162277660168379,78,3.3009462936190315
0.01,0.03162277660168379,79,5.210738848397423
0.01,0.03162277660168379,80,2.8998388751551767
0.01,0.03162277660168379,81,2.7966774753833104
0.01,0.03162277660168379,82,3.3403868483330195
0.01,0.03162277660168379,83,3.123519221944183
0.01,0.03162277660168379,84,3.470028653690198
0.01,0.03162277660168379,85,3.4744331155812724
0.01,0.03162277660168379,86,2.2786277965025663
0.01,0.03162277660168379,87,3.252717980941953
0.01,0.03162277660168379,88,3.7173381439307147
0.01,0.03162277660168379,89,3.501623885212508
0.01,0.03162277660168379,90,3.8252823364619455
0.01,0.03162277660168379,91,2.5175557274332574
0.01,0.03162277660168379,92,3.6684571416418112
0.01,0.03162277660168379,93,4.7884951777523685
0.01,0.03162277660168379,94,5.171354330611884
0.01,0.03162277660168379,95,2.1183404549464475
0.01,0.03162277660168379,96,2.587539118497198
0.01,0.03162277660168379,97,4.08031531054633
0.01,0.03162277660168379,98,2.837177328028111
0.01,0.03162277660168379,99,3.5085760918362987
0.01,0.1,0,2.8321747371241455
0.01,0.1,1,5.869407503764405
0.01,0.1,2,2.082649976041753
0.01,0.1,3,3.5640431022977648
0.01,0.1,4,7.930321423117065
0.01,0.1,5,4.747734702820026
0.01,0.1,6,4.153460073537854
0.01,0.1,7,4.993281143297962
0.01,0.1,8,2.1418660146720643
0.01,0.1,9,3.9027850772073895
0.01,0.1,10,2.5741535924201915
0.01,0.1,11,2.5749370255737727
0.01,0.1,12,3.8705873314802854
0.01,0.1,13,3.926638533436943
0.01,0.1,14,3.541381751281004
0.01,0.1,15,5.415068192730678
0.01,0.1,16,8.40054036404645
0.01,0.1,17,4.722918913532991
0.01,0.1,18,3.7180936867365855
0.01,0.1,19,7.312914166812082
0.01,0.1,20,2.78311454283944
0.01,0.1,21,5.669302176652177
0.01,0.1,22,13.84049506519006
0.01,0.1,23,3.630779604896809
0.01,0.1,24,6.574928603347396
0.01,0.1,25,5.411336800809631
0.01,0.1,26,4.921833562635686
0.01,0.1,27,2.123924942527007
0.01,0.1,28,2.915019229753953
0.01,0.1,29,6.871958180098643
0.01,0.1,30,6.560913828727373
0.01,0.1,31,6.177102163721879
0.01,0.1,32,3.4903468831645004
0.01,0.1,33,3.1263994473090047
0.01,0.1,34,2.972956512484882
0.01,0.1,35,6.252633388751817
0.01,0.1,36,3.407067377179441
0.01,0.1,37,8.008217463685723
0.01,0.1,38,4.965744780782559
0.01,0.1,39,9.071168446902796
0.01,0.1,40,2.8843058421408805
0.01,0.1,41,8.067025839419612
0.01,0.1,42,4.17656021781984
0.01,0.1,43,5.131738100829954
0.01,0.1,44,5.219422481985408
0.01,0.1,45,2.319964959433186
0.01,0.1,46,3.3431412407711525
0.01,0.1,47,4.490563785779236
0.01,0.1,48,4.841168319803297
0.01,0.1,49,7.527231768023077
0.01,0.1,50,7.2001150523837305
0.01,0.1,51,3.218944892066654
0.01,0.1,52,4.880934215661993
0.01,0.1,53,12.260385881710164
0.01,0.1,54,6.8545340410805045
0.01,0.1,55,11.859350506502869
0.01,0.1,56,3.2521204502963705
0.01,0.1,57,6.194031769556809
0.01,0.1,58,2.775349702951802
0.01,0.1,59,3.9809876301071396
0.01,0.1,60,3.517577796867448
0.01,0.1,61,2.7175396255053146
0.01,0.1,62,5.630359473626957
0.01,0.1,63,6.668047885934059
0.01,0.1,64,5.078720032220856
0.01,0.1,65,3.21655481296124
0.01,0.1,66,3.681306535104289
0.01,0.1,67,3.1322677795548106
0.01,0.1,68,2.9269063757216394
0.01,0.1,69,3.8486303063563616
0.01,0.1,70,6.455953909999383
0.01,0.1,71,3.3331291803258454
0.01,0.1,72,4.556939156179809
0.01,0.1,73,5.908493110827106
0.01,0.1,74,9.974738862378327
0.01,0.1,75,3.5922311900173356
0.01,0.1,76,8.28773260420435
0.01,0.1,77,2.979066589362646
0.01,0.1,78,12.126830908006875
0.01,0.1,79,8.690299548209067
0.01,0.1,80,3.084973102326831
0.01,0.1,81,3.9996166221835
0.01,0.1,82,5.19355470758618
0.01,0.1,83,5.579781247468931
0.01,0.1,84,9.911929784313362
0.01,0.1,85,4.281791313829167
0.01,0.1,86,5.40942750583594
0.01,0.1,87,5.66757081413277
0.01,0.1,88,6.613547532967969
0.01,0.1,89,6.253689030518377
0.01,0.1,90,1.8492483937307944
0.01,0.1,91,6.2448920165703985
0.01,0.1,92,4.283407586451546
0.01,0.1,93,7.729548800146174
0.01,0.1,94,8.670600344264079
0.01,0.1,95,5.724800307292042
0.01,0.1,96,7.880890030867594
0.01,0.1,97,7.493462892845521
0.01,0.1,98,2.413339687811594
0.01,0.1,99,7.4415850292367205
0.01,0.31622776601683794,0,50.0
0.01,0.31622776601683794,1,50.0
0.01,0.31622776601683794,2,50.0
0.01,0.31622776601683794,3,50.0
0.01,0.31622776601683794,4,50.0
0.01,0.31622776601683794,5,50.0
0.01,0.31622776601683794,6,50.0
0.01,0.31622776601683794,7,37.140873654684775
0.01,0.31622776601683794,8,50.0
0.01,0.31622776601683794,9,50.0
0.01,0.31622776601683794,10,50.0
0.01,0.31622776601683794,11,50.0
0.01,0.31622776601683794,12,50.0
0.01,0.31622776601683794,13,50.0
0.01,0.31622776601683794,14,50.0
0.01,0.31622776601683794,15,50.0
0.01,0.31622776601683794,16,50.0
0.01,0.31622776601683794,17,47.16564509545515
0.01,0.31622776601683794,18,50.0
0.01,0.31622776601683794,19,50.0
0.01,0.31622776601683794,20,50.0
0.01,0.31622776601683794,21,50.0
0.01,0.31622776601683794,22,50.0
0.01,0.31622776601683794,23,50.0
0.01,0.31622776601683794,24,36.503710285120846
0.01,0.31622776601683794,25,50.0
0.01,0.31622776601683794,26,13.097986469506358
0.01,0.31622776601683794,27,50.0
0.01,0.31622776601683794,28,36.780471885136855
0.01,0.31622776601683794,29,19.04581165866448
0.01,0.31622776601683794,30,50.0
0.01,0.31622776601683794,31,50.0
0.01,0.31622776601683794,32,50.0
0.01,0.31622776601683794,33,50.0
0.01,0.31622776601683794,34,50.0
0.01,0.31622776601683794,35,4.439690027184314
0.01,0.31622776601683794,36,50.0
0.01,0.31622776601683794,37,50.0
0.01,0.31622776601683794,38,50.0
0.01,0.31622776601683794,39,50.0
0.01,0.31622776601683794,40,50.0
0.01,0.31622776601683794,41,33.80204667223456
0.01,0.31622776601683794,42,50.0
0.01,0.31622776601683794,43,50.0
0.01,0.31622776601683794,44,50.0
0.01,0.31622776601683794,45,44.49160629389692
0.01,0.31622776601683794,46,12.375195841603436
0.01,0.31622776601683794,47,7.927446700794818
0.01,0.31622776601683794,48,50.0
0.01,0.31622776601683794,49,50.0
0.01,0.31622776601683794,50,37.95154602775711
0.01,0.31622776601683794,51,50.0
0.01,0.31622776601683794,52,50.0
0.01,0.31622776601683794,53,50.0
0.01,0.31622776601683794,54,50.0
0.01,0.31622776601683794,55,50.0
0.01,0.31622776601683794,56,40.43864772432101
0.01,0.31622776601683794,57,50.0
0.01,0.31622776601683794,58,50.0
0.01,0.31622776601683794,59,50.0
0.01,0.31622776601683794,60,50.0
0.01,0.31622776601683794,61,50.0
0.01,0.31622776601683794,62,42.102042007187244
0.01,0.31622776601683794,63,15.158611129539858
0.01,0.31622776601683794,64,50.0
0.01,0.31622776601683794,65,50.0
0.01,0.31622776601683794,66,50.0
0.01,0.31622776601683794,67,50.0
0.01,0.31622776601683794,68,50.0
0.01,0.31622776601683794,69,50.0
0.01,0.31622776601683794,70,50.0
0.01,0.31622776601683794,71,50.0
0.01,0.31622776601683794,72,50.0
0.01,0.31622776601683794,73,50.0
0.01,0.31622776601683794,74,50.0
0.01,0.31622776601683794,75,42.06351617871399
0.01,0.31622776601683794,76,50.0
0.01,0.31622776601683794,77,50.0
0.01,0.31622776601683794,78,50.0
0.01,0.31622776601683794,79,50.0
0.01,0.31622776601683794,80,50.0
0.01,0.31622776601683794,81,50.0
0.01,0.31622776601683794,82,50.0
0.01,0.31622776601683794,83,50.0
0.01,0.31622776601683794,84,50.0
0.01,0.31622776601683794,85,50.0
0.01,0.31622776601683794,86,50.0
0.01,0.31622776601683794,87,50.0
0.01,0.31622776601683794,88,8.448328797140503
0.01,0.31622776601683794,89,50.0
0.01,0.31622776601683794,90,50.0
0.01,0.31622776601683794,91,15.280433497342996
0.01,0.31622776601683794,92,11.185841710539274
0.01,0.31622776601683794,93,50.0
0.01,0.31622776601683794,94,7.819594456475434
0.01,0.31622776601683794,95,50.0
0.01,0.31622776601683794,96,50.0
0.01,0.31622776601683794,97,50.0
0.01,0.31622776601683794,98,50.0
0.01,0.31622776601683794,99,28.69261028011495
0.01,1.0,0,50.0
0.01,1.0,1,50.0
0.01,1.0,2,50.0
0.01,1.0,3,50.0
0.01,1.0,4,50.0
0.01,1.0,5,50.0
0.01,1.0,6,50.0
0.01,1.0,7,50.0
0.01,1.0,8,50.0
0.01,1.0,9,50.0
0.01,1.0,10,50.0
0.01,1.0,11,50.0
0.01,1.0,12,50.0
0.01,1.0,13,50.0
0.01,1.0,14,50.0
0.01,1.0,15,50.0
0.01,1.0,16,50.0
0.01,1.0,17,50.0
0.01,1.0,18,50.0
0.01,1.0,19,50.0
0.01,1.0,20,50.0
0.01,1.0,21,50.0
0.01,1.0,22,50.0
0.01,1.0,23,50.0
0.01,1.0,24,50.0
0.01,1.0,25,50.0
0.01,1.0,26,50.0
0.01,1.0,27,50.0
0.01,1.0,28,50.0
0.01,1.0,29,50.0
0.01,1.0,30,50.0
0.01,1.0,31,50.0
0.01,1.0,32,50.0
0.01,1.0,33,50.0
0.01,1.0,34,50.0
0.01,1.0,35,50.0
0.01,1.0,36,50.0
0.01,1.0,37,50.0
0.01,1.0,38,50.0
0.01,1.0,39,50.0
0.01,1.0,40,50.0
0.01,1.0,41,50.0
0.01,1.0,42,50.0
0.01,1.0,43,50.0
0.01,1.0,44,50.0
0.01,1.0,45,50.0
0.01,1.0,46,50.0
0.01,1.0,47,50.0
0.01,1.0,48,50.0
0.01,1.0,49,50.0
0.01,1.0,50,50.0
0.01,1.0,51,50.0
0.01,1.0,52,50.0
0.01,1.0,53,50.0
0.01,1.0,54,50.0
0.01,1.0,55,50.0
0.01,1.0,56,50.0
0.01,1.0,57,50.0
0.01,1.0,58,50.0
0.01,1.0,59,50.0
0.01,1.0,60,50.0
0.01,1.0,61,50.0
0.01,1.0,62,50.0
0.01,1.0,63,50.0
0.01,1.0,64,50.0
0.01,1.0,65,50.0
0.01,1.0,66,50.0
0.01,1.0,67,50.0
0.01,1.0,68,50.0
0.01,1.0,69,50.0
0.01,1.0,70,50.0
0.01,1.0,71,50.0
0.01,1.0,72,50.0
0.01,1.0,73,50.0
0.01,1.0,74,50.0
0.01,1.0,75,50.0
0.01,1.0,76,50.0
0.01,1.0,77,50.0
0.01,1.0,78,50.0
0.01,1.0,79,50.0
0.01,1.0,80,50.0
0.01,1.0,81,50.0
0.01,1.0,82,50.0
0.01,1.0,83,50.0
0.01,1.0,84,50.0
0.01,1.0,85,50.0
0.01,1.0,86,50.0
0.01,1.0,87,50.0
0.01,1.0,88,50.0
0.01,1.0,89,50.0
0.01,1.0,90,50.0
0.01,1.0,91,50.0
0.01,1.0,92,50.0
0.01,1.0,93,50.0
0.01,1.0,94,50.0
0.01,1.0,95,50.0
0.01,1.0,96,50.0
0.01,1.0,97,50.0
0.01,1.0,98,50.0
0.01,1.0,99,50.0
0.03162277660168379,0.01,0,2.7450262391356177
0.03162277660168379,0.01,1,3.81972035906562
0.03162277660168379,0.01,2,2.134185231265067
0.03162277660168379,0.01,3,3.422113010628217
0.03162277660168379,0.01,4,2.644464845746587
0.03162277660168379,0.01,5,3.0691021826524607
0.03162277660168379,0.01,6,1.9609188622288345
0.03162277660168379,0.01,7,2.934302493694819
0.03162277660168379,0.01,8,3.6536150410446657
0.03162277660168379,0.01,9,2.9708953654653127
0.03162277660168379,0.01,10,2.612656133121834
0.03162277660168379,0.01,11,3.159782823725216
0.03162277660168379,0.01,12,2.945252772007704
0.03162277660168379,0.01,13,4.5358047306346405
0.03162277660168379,0.01,14,1.5021284163261366
0.03162277660168379,0.01,15,3.429627731071932
0.03162277660168379,0.01,16,2.4833438928744966
0.03162277660168379,0.01,17,2.9446597772589165
0.03162277660168379,0.01,18,3.5200516742594914
0.03162277660168379,0.01,19,3.920962922286235
0.03162277660168379,0.01,20,3.0129668273817263
0.03162277660168379,0.01,21,2.8560288229516186
0.03162277660168379,0.01,22,2.154716354033171
0.03162277660168379,0.01,23,3.0945370948417317
0.03162277660168379,0.01,24,3.2262204936537007
0.03162277660168379,0.01,25,2.842929033035339
0.03162277660168379,0.01,26,2.195754034679037
0.03162277660168379,0.01,27,2.5375660618014444
0.03162277660168379,0.01,28,2.3621622751910767
0.03162277660168379,0.01,29,2.394201511694769
0.03162277660168379,0.01,30,2.893053689431437
0.03162277660168379,0.01,31,2.1695427542483765
0.03162277660168379,0.01,32,3.1575812839749253
0.03162277660168379,0.01,33,3.548120447014588
0.03162277660168379,0.01,34,2.212403092482994
0.03162277660168379,0.01,35,3.7735494783812613
0.03162277660168379,0.01,36,1.8447580077171655
0.03162277660168379,0.01,37,1.7663149687108792
0.03162277660168379,0.01,38,2.1228033736148024
0.03162277660168379,0.01,39,2.3691901128856547
0.03162277660168379,0.01,40,1.9663305203237074
0.03162277660168379,0.01,41,1.7492466763898453
0.03162277660168379,0.01,42,3.63056499487214
0.03162277660168379,0.01,43,4.618522187179077
0.03162277660168379,0.01,44,3.6659871102282593
0.03162277660168379,0.01,45,2.347651786670388
0.03162277660168379,0.01,46,2.9953966524441014
0.03162277660168379,0.01,47,2.140347406978934
0.03162277660168379,0.01,48,4.317580883393981
0.03162277660168379,0.01,49,1.7342451847663012
0.03162277660168379,0.01,50,2.09082054508875
0.03162277660168379,0.01,51,1.9647138319480875
0.03162277660168379,0.01,52,1.7031526731480866
0.03162277660168379,0.01,53,3.44711222703112
0.03162277660168379,0.01,54,5.603852964418669
0.03162277660168379,0.01,55,3.3335737863886745
0.03162277660168379,0.01,56,2.0419284206676314
0.03162277660168379,0.01,57,2.351115166961927
0.03162277660168379,0.01,58,1.8200637141194738
0.03162277660168379,0.01,59,2.600011549489155
0.03162277660168379,0.01,60,1.9215261651822553
0.03162277660168379,0.01,61,2.1599309332040777
0.03162277660168379,0.01,62,3.5282332135115184
0.03162277660168379,0.01,63,4.033242818975515
0.03162277660168379,0.01,64,1.8209806406648434
0.03162277660168379,0.01,65,1.8764290816601183
0.03162277660168379,0.01,66,3.8242431493644022
0.03162277660168379,0.01,67,2.807126199677476
0.03162277660168379,0.01,68,2.209209202957825
0.03162277660168379,0.01,69,2.4733802996335017
0.03162277660168379,0.01,70,1.7632256687030377
0.03162277660168379,0.01,71,2.616146315722813
0.03162277660168379,0.01,72,4.39032449370378
0.03162277660168379,0.01,73,2.433399727167382
0.03162277660168379,0.01,74,2.230906182651016
0.03162277660168379,0.01,75,5.229496443019162
0.03162277660168379,0.01,76,2.674681279076026
0.03162277660168379,0.01,77,2.7185160696599744
0.03162277660168379,0.01,78,4.017469489309496
0.03162277660168379,0.01,79,2.1730499982501477
0.03162277660168379,0.01,80,5.139688317346895
0.03162277660168379,0.01,81,2.52350457171009
0.03162277660168379,0.01,82,2.2455678814239466
0.03162277660168379,0.01,83,2.9762381868717984
0.03162277660168379,0.01,84,4.75289754756945
0.03162277660168379,0.01,85,2.276046892879314
0.03162277660168379,0.01,86,4.693171365069446
0.03162277660168379,0.01,87,2.5305640323967484
0.03162277660168379,0.01,88,1.9081995953589308
0.03162277660168379,0.01,89,2.490343699628162
0.03162277660168379,0.01,90,2.6519146739341295
0.03162277660168379,0.01,91,2.8714425876065315
0.03162277660168379,0.01,92,2.3292563228419354
0.03162277660168379,0.01,93,2.869558904558522
0.03162277660168379,0.01,94,3.588319835387291
0.03162277660168379,0.01,95,2.326277541320094
0.03162277660168379,0.01,96,5.67109915691566
0.03162277660168379,0.01,97,1.66685049875154
0.03162277660168379,0.01,98,2.88568591745847
0.03162277660168379,0.01,99,2.517001406954844
0.03162277660168379,0.03162277660168379,0,3.5605554634984706
0.03162277660168379,0.03162277660168379,1,3.258718697133968
0.03162277660168379,0.03162277660168379,2,3.81144320154488
0.03162277660168379,0.03162277660168379,3,1.844983188925809
0.03162277660168379,0.03162277660168379,4,2.7460936412909693
0.03162277660168379,0.03162277660168379,5,3.462818421016095
0.03162277660168379,0.03162277660168379,6,3.693036575606878
0.03162277660168379,0.03162277660168379,7,1.2686586064953858
0.03162277660168379,0.03162277660168379,8,3.142669667921603
0.03162277660168379,0.03162277660168379,9,1.8184513825832018
0.03162277660168379,0.03162277660168379,10,3.5012533912215726
0.03162277660168379,0.03162277660168379,11,2.3168468269816493
0.03162277660168379,0.03162277660168379,12,2.519160422002922
0.03162277660168379,0.03162277660168379,13,2.6340168150638914
0.03162277660168379,0.03162277660168379,14,3.7838112586509034
0.03162277660168379,0.03162277660168379,15,3.0470823815370975
0.03162277660168379,0.03162277660168379,16,2.31647438531465
0.03162277660168379,0.03162277660168379,17,3.0080153148597866
0.03162277660168379,0.03162277660168379,18,2.2964830326799
0.03162277660168379,0.03162277660168379,19,1.8167380620076752
0.03162277660168379,0.03162277660168379,20,2.3759381759981393
0.03162277660168379,0.03162277660168379,21,1.9233575276397108
0.03162277660168379,0.03162277660168379,22,1.7262927891691984
0.03162277660168379,0.03162277660168379,23,1.6157085224031658
0.03162277660168379,0.03162277660168379,24,4.265988157358018
0.03162277660168379,0.03162277660168379,25,1.8313487006017481
0.03162277660168379,0.03162277660168379,26,2.308234445789376
0.03162277660168379,0.03162277660168379,27,2.4116456102427786
0.03162277660168379,0.03162277660168379,28,2.7511271195586726
0.03162277660168379,0.03162277660168379,29,2.0708415315691835
0.03162277660168379,0.03162277660168379,30,1.8927203701771917
0.03162277660168379,0.03162277660168379,31,2.5446154707356716
0.03162277660168379,0.03162277660168379,32,3.0541423313584426
0.03162277660168379,0.03162277660168379,33,2.7656093904123003
0.03162277660168379,0.03162277660168379,34,3.3002811708181228
0.03162277660168379,0.03162277660168379,35,2.216986429434323
0.03162277660168379,0.03162277660168379,36,3.928644645278228
0.03162277660168379,0.03162277660168379,37,2.1879236704827587
0.03162277660168379,0.03162277660168379,38,3.79358719431577
0.03162277660168379,0.03162277660168379,39,1.8837451257982556
0.03162277660168379,0.03162277660168379,40,3.231575084003759
0.03162277660168379,0.03162277660168379,41,3.9719840947943053
0.03162277660168379,0.03162277660168379,42,2.2595116760215808
0.03162277660168379,0.03162277660168379,43,2.3674334115141393
0.03162277660168379,0.03162277660168379,44,3.150000721885522
0.03162277660168379,0.03162277660168379,45,1.8855929223403713
0.03162277660168379,0.03162277660168379,46,1.7936096745748054
0.03162277660168379,0.03162277660168379,47,1.8023009124298346
0.03162277660168379,0.03162277660168379,48,3.319362351056161
0.03162277660168379,0.03162277660168379,49,1.9685433302518232
0.03162277660168379,0.03162277660168379,50,3.035675910716304
0.03162277660168379,0.03162277660168379,51,2.8206567924146375
0.03162277660168379,0.03162277660168379,52,3.2193636594270236
0.03162277660168379,0.03162277660168379,53,2.842888848844162
0.03162277660168379,0.03162277660168379,54,2.2775626610105313
0.03162277660168379,0.03162277660168379,55,3.4433185636691848
0.03162277660168379,0.03162277660168379,56,3.432068476378278
0.03162277660168379,0.03162277660168379,57,2.873584568582419
0.03162277660168379,0.03162277660168379,58,1.6822647453092283
0.03162277660168379,0.03162277660168379,59,2.1876809806109327
0.03162277660168379,0.03162277660168379,60,2.072223387476699
0.03162277660168379,0.03162277660168379,61,2.748752701041685
0.03162277660168379,0.03162277660168379,62,2.8742837057516906
0.03162277660168379,0.03162277660168379,63,3.351466311483532
0.03162277660168379,0.03162277660168379,64,3.5279619009196237
0.03162277660168379,0.03162277660168379,65,2.36535879773621
0.03162277660168379,0.03162277660168379,66,3.7903355918014703
0.03162277660168379,0.03162277660168379,67,2.895340531566787
0.03162277660168379,0.03162277660168379,68,3.0646470530174232
0.03162277660168379,0.03162277660168379,69,2.5494722990645697
0.03162277660168379,0.03162277660168379,70,3.715046920223087
0.03162277660168379,0.03162277660168379,71,3.1661005559783466
0.03162277660168379,0.03162277660168379,72,3.095287024782792
0.03162277660168379,0.03162277660168379,73,2.7792493194043564
0.03162277660168379,0.03162277660168379,74,3.0902012958138094
0.03162277660168379,0.03162277660168379,75,3.616904541626182
0.03162277660168379,0.03162277660168379,76,4.154627561288578
0.03162277660168379,0.03162277660168379,77,2.1410867532929707
0.03162277660168379,0.03162277660168379,78,2.4313740528908627
0.03162277660168379,0.03162277660168379,79,3.009288686600668
0.03162277660168379,0.03162277660168379,80,3.0472785037106256
0.03162277660168379,0.03162277660168379,81,2.6464941712423076
0.03162277660168379,0.03162277660168379,82,2.0440310815140124
0.03162277660168379,0.03162277660168379,83,3.3332968307956508
0.03162277660168379,0.03162277660168379,84,2.483727443262493
0.03162277660168379,0.03162277660168379,85,3.1272404120114574
0.03162277660168379,0.03162277660168379,86,2.9536453980220214
0.03162277660168379,0.03162277660168379,87,2.634443181034249
0.03162277660168379,0.03162277660168379,88,2.7716658709440245
0.03162277660168379,0.03162277660168379,89,1.8635440754820307
0.03162277660168379,0.03162277660168379,90,2.3747921048244187
0.03162277660168379,0.03162277660168379,91,3.1942540497472147
0.03162277660168379,0.03162277660168379,92,3.7895483270111465
0.03162277660168379,0.03162277660168379,93,2.7087146311128536
0.03162277660168379,0.03162277660168379,94,2.946012667892868
0.03162277660168379,0.03162277660168379,95,2.7510650154039498
0.03162277660168379,0.03162277660168379,96,2.605742591620058
0.03162277660168379,0.03162277660168379,97,2.12960341942914
0.03162277660168379,0.03162277660168379,98,3.443622593794327
0.03162277660168379,0.03162277660168379,99,3.851414938445419
0.03162277660168379,0.1,0,6.161235930477102
0.03162277660168379,0.1,1,2.6318247655157547
0.03162277660168379,0.1,2,6.606662993805077
0.03162277660168379,0.1,3,3.786353815722988
0.03162277660168379,0.1,4,4.427279456006128
0.03162277660168379,0.1,5,5.985358071426561
0.03162277660168379,0.1,6,4.682095511765734
0.03162277660168379,0.1,7,4.480758510772521
0.03162277660168379,0.1,8,9.506764167364139
0.03162277660168379,0.1,9,5.276190914563951
0.03162277660168379,0.1,10,2.674700601093491
0.03162277660168379,0.1,11,4.547435164601183
0.03162277660168379,0.1,12,7.11634451051114
0.03162277660168379,0.1,13,8.047641723328757
0.03162277660168379,0.1,14,3.1768806993600807
0.03162277660168379,0.1,15,3.3951360700798414
0.03162277660168379,0.1,16,5.761912745987289
0.03162277660168379,0.1,17,3.5635643903216434
0.03162277660168379,0.1,18,4.692615656054231
0.03162277660168379,0.1,19,6.408979831237959
0.03162277660168379,0.1,20,8.125525788975304
0.03162277660168379,0.1,21,6.966950678172895
0.03162277660168379,0.1,22,3.5684647893971113
0.03162277660168379,0.1,23,3.1000421039878954
0.03162277660168379,0.1,24,8.374451128799297
0.03162277660168379,0.1,25,4.486151532494759
0.03162277660168379,0.1,26,14.013956739015063
0.03162277660168379,0.1,27,3.4448350234065614
0.03162277660168379,0.1,28,2.4665316542660953
0.03162277660168379,0.1,29,3.2648086145186004
0.03162277660168379,0.1,30,12.442935107355147
0.03162277660168379,0.1,31,8.536286484490837
0.03162277660168379,0.1,32,2.022076675597649
0.03162277660168379,0.1,33,5.568258402039257
0.03162277660168379,0.1,34,1.9874667202098244
0.03162277660168379,0.1,35,2.142132144596667
0.03162277660168379,0.1,36,4.483012050199066
0.03162277660168379,0.1,37,6.656448483982553
0.03162277660168379,0.1,38,1.5880221526675222
0.03162277660168379,0.1,39,4.182065343859482
0.03162277660168379,0.1,40,3.1780457830299613
0.03162277660168379,0.1,41,7.246853210630023
0.03162277660168379,0.1,42,7.173251450400389
0.03162277660168379,0.1,43,7.837255887730881
0.03162277660168379,0.1,44,10.054657716990192
0.03162277660168379,0.1,45,4.3291596674168895
0.03162277660168379,0.1,46,6.082473462195888
0.03162277660168379,0.1,47,6.2543402223868245
0.03162277660168379,0.1,48,2.6867969904234257
0.03162277660168379,0.1,49,2.130430258511477
0.03162277660168379,0.1,50,6.7716937143769
0.03162277660168379,0.1,51,9.618686270244229
0.03162277660168379,0.1,52,10.334435653326327
0.03162277660168379,0.1,53,5.19627458294255
0.03162277660168379,0.1,54,2.5184246173439298
0.03162277660168379,0.1,55,12.893935912932516
0.03162277660168379,0.1,56,5.308768031879776
0.03162277660168379,0.1,57,6.0534739510209405
0.03162277660168379,0.1,58,9.530351853008282
0.03162277660168379,0.1,59,5.271495759717474
0.03162277660168379,0.1,60,2.5230721039119386
0.03162277660168379,0.1,61,2.8407642593928166
0.03162277660168379,0.1,62,4.6231523634941025
0.03162277660168379,0.1,63,3.1612049822514106
0.03162277660168379,0.1,64,2.358310102693491
0.03162277660168379,0.1,65,10.375761188504082
0.03162277660168379,0.1,66,3.5648263191186618
0.03162277660168379,0.1,67,4.996662332870968
0.03162277660168379,0.1,68,15.830834817817413
0.03162277660168379,0.1,69,15.391375460146788
0.03162277660168379,0.1,70,2.3418215327847305
0.03162277660168379,0.1,71,7.960218693181212
0.03162277660168379,0.1,72,7.012166557374286
0.03162277660168379,0.1,73,11.70506049537077
0.03162277660168379,0.1,74,2.1013314918288617
0.03162277660168379,0.1,75,2.7679025144741494
0.03162277660168379,0.1,76,2.8173238178607467
0.03162277660168379,0.1,77,2.0553656538113088
0.03162277660168379,0.1,78,4.048371652515796
0.03162277660168379,0.1,79,6.7716474366629145
0.03162277660168379,0.1,80,3.1027144965981535
0.03162277660168379,0.1,81,8.273886928245775
0.03162277660168379,0.1,82,5.618631231695993
0.03162277660168379,0.1,83,3.737561373687038
0.03162277660168379,0.1,84,3.472174476772518
0.03162277660168379,0.1,85,5.780076478514726
0.03162277660168379,0.1,86,8.454034904639249
0.03162277660168379,0.1,87,3.2186438914023903
0.03162277660168379,0.1,88,3.133672025880633
0.03162277660168379,0.1,89,3.849666045242905
0.03162277660168379,0.1,90,7.502717532731287
0.03162277660168379,0.1,91,9.565795613297764
0.03162277660168379,0.1,92,10.893299692265067
0.03162277660168379,0.1,93,5.492450583981692
0.03162277660168379,0.1,94,4.644879028938796
0.03162277660168379,0.1,95,12.75018544768378
0.03162277660168379,0.1,96,4.431463748968595
0.03162277660168379,0.1,97,4.352685375661324
0.03162277660168379,0.1,98,1.8869048343642831
0.03162277660168379,0.1,99,3.355439991176926
0.03162277660168379,0.31622776601683794,0,50.0
0.03162277660168379,0.31622776601683794,1,50.0
0.03162277660168379,0.31622776601683794,2,50.0
0.03162277660168379,0.31622776601683794,3,50.0
0.03162277660168379,0.31622776601683794,4,50.0
0.03162277660168379,0.31622776601683794,5,50.0
0.03162277660168379,0.31622776601683794,6,50.0
0.03162277660168379,0.31622776601683794,7,50.0
0.03162277660168379,0.31622776601683794,8,50.0
0.03162277660168379,0.31622776601683794,9,50.0
0.03162277660168379,0.31622776601683794,10,50.0
0.03162277660168379,0.31622776601683794,11,50.0
0.03162277660168379,0.31622776601683794,12,50.0
0.03162277660168379,0.31622776601683794,13,50.0
0.03162277660168379,0.31622776601683794,14,50.0
0.03162277660168379,0.31622776601683794,15,50.0
0.03162277660168379,0.31622776601683794,16,50.0
0.03162277660168379,0.31622776601683794,17,50.0
0.03162277660168379,0.31622776601683794,18,50.0
0.03162277660168379,0.31622776601683794,19,50.0
0.03162277660168379,0.31622776601683794,20,50.0
0.03162277660168379,0.31622776601683794,21,10.714038476456944
0.03162277660168379,0.31622776601683794,22,50.0
0.03162277660168379,0.31622776601683794,23,50.0
0.03162277660168379,0.31622776601683794,24,50.0
0.03162277660168379,0.31622776601683794,25,50.0
0.03162277660168379,0.31622776601683794,26,50.0
0.03162277660168379,0.31622776601683794,27,50.0
0.03162277660168379,0.31622776601683794,28,50.0
0.03162277660168379,0.31622776601683794,29,50.0
0.03162277660168379,0.31622776601683794,30,50.0
0.03162277660168379,0.31622776601683794,31,50.0
0.03162277660168379,0.31622776601683794,32,50.0
0.03162277660168379,0.31622776601683794,33,50.0
0.03162277660168379,0.31622776601683794,34,50.0
0.03162277660168379,0.31622776601683794,35,50.0
0.03162277660168379,0.31622776601683794,36,50.0
0.03162277660168379,0.31622776601683794,37,50.0
0.03162277660168379,0.31622776601683794,38,50.0
0.03162277660168379,0.31622776601683794,39,50.0
0.03162277660168379,0.31622776601683794,40,50.0
0.03162277660168379,0.31622776601683794,41,50.0
0.03162277660168379,0.31622776601683794,42,50.0
0.03162277660168379,0.31622776601683794,43,50.0
0.03162277660168379,0.31622776601683794,44,50.0
0.03162277660168379,0.31622776601683794,45,50.0
0.03162277660168379,0.31622776601683794,46,50.0
0.03162277660168379,0.31622776601683794,47,50.0
0.03162277660168379,0.31622776601683794,48,50.0
0.03162277660168379,0.31622776601683794,49,50.0
0.03162277660168379,0.31622776601683794,50,50.0
0.03162277660168379,0.31622776601683794,51,50.0
0.03162277660168379,0.31622776601683794,52,50.0
0.03162277660168379,0.31622776601683794,53,50.0
0.03162277660168379,0.31622776601683794,54,50.0
0.03162277660168379,0.31622776601683794,55,50.0
0.03162277660168379,0.31622776601683794,56,50.0
0.03162277660168379,0.31622776601683794,57,29.662493741509408
0.03162277660168379,0.31622776601683794,58,50.0
0.03162277660168379,0.31622776601683794,59,50.0
0.03162277660168379,0.31622776601683794,60,50.0
0.03162277660168379,0.31622776601683794,61,50.0
0.03162277660168379,0.31622776601683794,62,50.0
0.03162277660168379,0.31622776601683794,63,50.0
0.03162277660168379,0.31622776601683794,64,50.0
0.03162277660168379,0.31622776601683794,65,50.0
0.03162277660168379,0.31622776601683794,66,50.0
0.03162277660168379,0.31622776601683794,67,50.0
0.03162277660168379,0.31622776601683794,68,50.0
0.03162277660168379,0.31622776601683794,69,50.0
0.03162277660168379,0.31622776601683794,70,50.0
0.03162277660168379,0.31622776601683794,71,50.0
0.03162277660168379,0.31622776601683794,72,50.0
0.03162277660168379,0.31622776601683794,73,50.0
0.03162277660168379,0.31622776601683794,74,50.0
0.03162277660168379,0.31622776601683794,75,50.0
0.03162277660168379,0.31622776601683794,76,50.0
0.03162277660168379,0.31622776601683794,77,50.0
0.03162277660168379,0.31622776601683794,78,50.0
0.03162277660168379,0.31622776601683794,79,50.0
0.03162277660168379,0.31622776601683794,80,50.0
0.03162277660168379,0.31622776601683794,81,50.0
0.03162277660168379,0.31622776601683794,82,50.0
0.03162277660168379,0.31622776601683794,83,50.0
0.03162277660168379,0.31622776601683794,84,50.0
0.03162277660168379,0.31622776601683794,85,50.0
0.03162277660168379,0.31622776601683794,86,50.0
0.03162277660168379,0.31622776601683794,87,50.0
0.03162277660168379,0.31622776601683794,88,50.0
0.03162277660168379,0.31622776601683794,89,50.0
0.03162277660168379,0.31622776601683794,90,50.0
0.03162277660168379,0.31622776601683794,91,50.0
0.03162277660168379,0.31622776601683794,92,50.0
0.03162277660168379,0.31622776601683794,93,50.0
0.03162277660168379,0.31622776601683794,94,50.0
0.03162277660168379,0.31622776601683794,95,50.0
0.03162277660168379,0.31622776601683794,96,50.0
0.03162277660168379,0.31622776601683794,97,50.0
0.03162277660168379,0.31622776601683794,98,50.0
0.03162277660168379,0.31622776601683794,99,50.0
0.03162277660168379,1.0,0,50.0
0.03162277660168379,1.0,1,50.0
0.03162277660168379,1.0,2,50.0
0.03162277660168379,1.0,3,50.0
0.03162277660168379,1.0,4,50.0
0.03162277660168379,1.0,5,50.0
0.03162277660168379,1.0,6,50.0
0.03162277660168379,1.0,7,50.0
0.03162277660168379,1.0,8,50.0
0.03162277660168379,1.0,9,50.0
0.03162277660168379,1.0,10,50.0
0.03162277660168379,1.0,11,50.0
0.03162277660168379,1.0,12,50.0
0.03162277660168379,1.0,13,50.0
0.03162277660168379,1.0,14,50.0
0.03162277660168379,1.0,15,50.0
0.03162277660168379,1.0,16,50.0
0.03162277660168379,1.0,17,50.0
0.03162277660168379,1.0,18,50.0
0.03162277660168379,1.0,19,50.0
0.03162277660168379,1.0,20,50.0
0.03162277660168379,1.0,21,50.0
0.03162277660168379,1.0,22,50.0
0.03162277660168379,1.0,23,50.0
0.03162277660168379,1.0,24,50.0
0.03162277660168379,1.0,25,50.0
0.03162277660168379,1.0,26,50.0
0.03162277660168379,1.0,27,50.0
0.03162277660168379,1.0,28,50.0
0.03162277660168379,1.0,29,50.0
0.03162277660168379,1.0,30,50.0
0.03162277660168379,1.0,31,50.0
0.03162277660168379,1.0,32,50.0
0.03162277660168379,1.0,33,50.0
0.03162277660168379,1.0,34,50.0
0.03162277660168379,1.0,35,50.0
0.03162277660168379,1.0,36,50.0
0.03162277660168379,1.0,37,50.0
0.03162277660168379,1.0,38,50.0
0.03162277660168379,1.0,39,50.0
0.03162277660168379,1.0,40,50.0
0.03162277660168379,1.0,41,50.0
0.03162277660168379,1.0,42,50.0
0.03162277660168379,1.0,43,50.0
0.03162277660168379,1.0,44,50.0
0.03162277660168379,1.0,45,50.0
0.03162277660168379,1.0,46,50.0
0.03162277660168379,1.0,47,50.0
0.03162277660168379,1.0,48,50.0
0.03162277660168379,1.0,49,50.0
0.03162277660168379,1.0,50,50.0
0.03162277660168379,1.0,51,50.0
0.03162277660168379,1.0,52,50.0
0.03162277660168379,1.0,53,50.0
0.03162277660168379,1.0,54,50.0
0.03162277660168379,1.0,55,50.0
0.03162277660168379,1.0,56,50.0
0.03162277660168379,1.0,57,50.0
0.03162277660168379,1.0,58,50.0
0.03162277660168379,1.0,59,50.0
0.03162277660168379,1.0,60,50.0
0.03162277660168379,1.0,61,50.0
0.03162277660168379,1.0,62,50.0
0.03162277660168379,1.0,63,50.0
0.03162277660168379,1.0,64,50.0
0.03162277660168379,1.0,65,50.0
0.03162277660168379,1.0,66,50.0
0.03162277660168379,1.0,67,50.0
0.03162277660168379,1.0,68,50.0
0.03162277660168379,1.0,69,50.0
0.03162277660168379,1.0,70,50.0
0.03162277660168379,1.0,71,50.0
0.03162277660168379,1.0,72,50.0
0.03162277660168379,1.0,73,50.0
0.03162277660168379,1.0,74,50.0
0.03162277660168379,1.0,75,50.0
0.03162277660168379,1.0,76,50.0
0.03162277660168379,1.0,77,50.0
0.03162277660168379,1.0,78,50.0
0.03162277660168379,1.0,79,50.0
0.03162277660168379,1.0,80,50.0
0.03162277660168379,1.0,81,50.0
0.03162277660168379,1.0,82,50.0
0.03162277660168379,1.0,83,50.0
0.03162277660168379,1.0,84,50.0
0.03162277660168379,1.0,85,50.0
0.03162277660168379,1.0,86,50.0
0.03162277660168379,1.0,87,50.0
0.03162277660168379,1.0,88,50.0
0.03162277660168379,1.0,89,50.0
0.03162277660168379,1.0,90,50.0
0.03162277660168379,1.0,91,50.0
0.03162277660168379,1.0,92,50.0
0.03162277660168379,1.0,93,50.0
0.03162277660168379,1.0,94,50.0
0.03162277660168379,1.0,95,50.0
0.03162277660168379,1.0,96,50.0
0.03162277660168379,1.0,97,50.0
0.03162277660168379,1.0,98,50.0
0.03162277660168379,1.0,99,50.0
0.1,0.01,0,1.2233713077306778
0.1,0.01,1,1.995053792537937
0.1,0.01,2,3.0689016628322117
0.1,0.01,3,1.9298194483022182
0.1,0.01,4,1.5811204952728644
0.1,0.01,5,2.271119981640564
0.1,0.01,6,2.426377248010458
0.1,0.01,7,2.30823037740664
0.1,0.01,8,6.9044618947156176
0.1,0.01,9,1.924898737264545
0.1,0.01,10,2.760094729403504
0.1,0.01,11,1.983247863389145
0.1,0.01,12,1.99450569209166
0.1,0.01,13,1.2866380161856115
0.1,0.01,14,1.6896100024851635
0.1,0.01,15,2.054814240867399
0.1,0.01,16,1.4228948846165987
0.1,0.01,17,4.6826013886520395
0.1,0.01,18,2.5191443639601383
0.1,0.01,19,2.889965660769823
0.1,0.01,20,1.2743322762426093
0.1,0.01,21,1.5559231317886613
0.1,0.01,22,1.79139332356472
0.1,0.01,23,1.3402216389511283
0.1,0.01,24,1.1039486297472987
0.1,0.01,25,1.7316691581558352
0.1,0.01,26,1.8467014833329713
0.1,0.01,27,1.7812066537156366
0.1,0.01,28,1.9952671282034233
0.1,0.01,29,3.7388922750057576
0.1,0.01,30,1.9513733376345976
0.1,0.01,31,1.1746557300043659
0.1,0.01,32,1.5127323077581245
0.1,0.01,33,6.000377492381111
0.1,0.01,34,1.8377865692669406
0.1,0.01,35,1.190248931821737
0.1,0.01,36,3.341385519767751
0.1,0.01,37,1.374528833086801
0.1,0.01,38,1.9520889157452326
0.1,0.01,39,1.7015394674498057
0.1,0.01,40,1.743627598524808
0.1,0.01,41,3.0401160778562355
0.1,0.01,42,1.1892128400550768
0.1,0.01,43,2.7641686160129164
0.1,0.01,44,1.8198474627622743
0.1,0.01,45,1.8701501244138916
0.1,0.01,46,1.7339415241585896
0.1,0.01,47,2.7055991913309048
0.1,0.01,48,2.5370179786056473
0.1,0.01,49,2.726402513699757
0.1,0.01,50,2.348545383289624
0.1,0.01,51,2.920038030122557
0.1,0.01,52,1.4781281407190727
0.1,0.01,53,1.6286890301434498
0.1,0.01,54,2.1485165233057417
0.1,0.01,55,1.6752350061480403
0.1,0.01,56,3.321990960753377
0.1,0.01,57,1.4007714838111565
0.1,0.01,58,1.5970273491717368
0.1,0.01,59,2.377699852763297
0.1,0.01,60,0.9572443714116085
0.1,0.01,61,1.6552839165059599
0.1,0.01,62,1.5695441321551655
0.1,0.01,63,1.9142169909045053
0.1,0.01,64,2.2800788523714584
0.1,0.01,65,1.7003212284218368
0.1,0.01,66,2.7553917896344005
0.1,0.01,67,2.314999465159952
0.1,0.01,68,2.101221320837894
0.1,0.01,69,2.576187467731646
0.1,0.01,70,1.3700929132152544
0.1,0.01,71,1.5322367261666028
0.1,0.01,72,1.41157311478585
0.1,0.01,73,5.476509255454144
0.1,0.01,74,1.3137224800304876
0.1,0.01,75,2.0224942286748697
0.1,0.01,76,2.009484563232082
0.1,0.01,77,2.003844199461704
0.1,0.01,78,1.1374920660991625
0.1,0.01,79,2.368654683546864
0.1,0.01,80,1.429938126404634
0.1,0.01,81,2.57917459378184
0.1,0.01,82,1.7233857843173652
0.1,0.01,83,1.5990166476385848
0.1,0.01,84,1.7223345381083828
0.1,0.01,85,5.888108560737784
0.1,0.01,86,2.0416733411746986
0.1,0.01,87,1.9258484686895674
0.1,0.01,88,1.9954435000346262
0.1,0.01,89,2.0218464608810565
0.1,0.01,90,1.6324754278970584
0.1,0.01,91,1.5240069145149227
0.1,0.01,92,1.745104125278633
0.1,0.01,93,1.595552348586304
0.1,0.01,94,1.8814880637678673
0.1,0.01,95,1.7730101757225616
0.1,0.01,96,1.1431184702744968
0.1,0.01,97,2.3211081876835604
0.1,0.01,98,2.863149361968504
0.1,0.01,99,2.1420934638697346
0.1,0.03162277660168379,0,2.526368251790358
0.1,0.03162277660168379,1,2.054988159346272
0.1,0.03162277660168379,2,1.6707272749247701
0.1,0.03162277660168379,3,1.948737850103338
0.1,0.03162277660168379,4,1.2829582802657271
0.1,0.03162277660168379,5,2.3823527743236497
0.1,0.03162277660168379,6,3.5955437867092304
0.1,0.03162277660168379,7,1.5627367678767103
0.1,0.03162277660168379,8,2.2627671397177886
0.1,0.03162277660168379,9,1.4071283259904526
0.1,0.03162277660168379,10,1.5669129224303273
0.1,0.03162277660168379,11,3.1608526689949534
0.1,0.03162277660168379,12,3.2140522394729754
0.1,0.03162277660168379,13,1.8515798261804668
0.1,0.03162277660168379,14,3.4961528995779334
0.1,0.03162277660168379,15,2.1533631529493977
0.1,0.03162277660168379,16,1.9455702672705355
0.1,0.03162277660168379,17,1.7897909224216118
0.1,0.03162277660168379,18,2.383440403423452
0.1,0.03162277660168379,19,2.0786525768951187
0.1,0.03162277660168379,20,1.7934988671238266
0.1,0.03162277660168379,21,1.9191978310092142
0.1,0.03162277660168379,22,1.1412059473996228
0.1,0.03162277660168379,23,1.4132053549157537
0.1,0.03162277660168379,24,2.4742801341971052
0.1,0.03162277660168379,25,1.259718203287784
0.1,0.03162277660168379,26,1.634363797761192
0.1,0.03162277660168379,27,1.6144276432333817
0.1,0.03162277660168379,28,1.7307096225747869
0.1,0.03162277660168379,29,1.6277422121150913
0.1,0.03162277660168379,30,2.2096499928216864
0.1,0.03162277660168379,31,1.7376803457546763
0.1,0.03162277660168379,32,2.796806083646156
0.1,0.03162277660168379,33,1.904403161570861
0.1,0.03162277660168379,34,2.2534939636648215
0.1,0.03162277660168379,35,2.3549100378400203
0.1,0.03162277660168379,36,1.9850957258088118
0.1,0.03162277660168379,37,3.4790231181647213
0.1,0.03162277660168379,38,1.766155611106964
0.1,0.03162277660168379,39,1.750860276628584
0.1,0.03162277660168379,40,1.5961633423980963
0.1,0.03162277660168379,41,2.2026046624556974
0.1,0.03162277660168379,42,1.7816396934433645
0.1,0.03162277660168379,43,2.4287033982557356
0.1,0.03162277660168379,44,3.047206273582298
0.1,0.03162277660168379,45,1.8903192630204746
0.1,0.03162277660168379,46,2.0102173829148864
0.1,0.03162277660168379,47,1.3715039348137912
0.1,0.03162277660168379,48,2.575388384093451
0.1,0.03162277660168379,49,1.5669155577591418
0.1,0.03162277660168379,50,1.7413380015484798
0.1,0.03162277660168379,51,1.3122435060418216
0.1,0.03162277660168379,52,3.1489483259190276
0.1,0.03162277660168379,53,2.4343874775876007
0.1,0.03162277660168379,54,2.626018894104371
0.1,0.03162277660168379,55,2.377579224931662
0.1,0.03162277660168379,56,2.158829143766989
0.1,0.03162277660168379,57,1.5526897082276039
0.1,0.03162277660168379,58,1.9219421363786682
0.1,0.03162277660168379,59,1.800224456641236
0.1,0.03162277660168379,60,2.212079248408038
0.1,0.03162277660168379,61,1.6090349592053794
0.1,0.03162277660168379,62,1.5493163380198551
0.1,0.03162277660168379,63,1.9835346699593477
0.1,0.03162277660168379,64,2.1256811011368697
0.1,0.03162277660168379,65,2.392027608839156
0.1,0.03162277660168379,66,1.483948117820033
0.1,0.03162277660168379,67,1.0675684602626208
0.1,0.03162277660168379,68,1.4431263432232644
0.1,0.03162277660168379,69,1.6066888390673524
0.1,0.03162277660168379,70,2.931309408766425
0.1,0.03162277660168379,71,2.419736821064317
0.1,0.03162277660168379,72,2.5716058061241127
0.1,0.03162277660168379,73,2.9980558791183434
0.1,0.03162277660168379,74,1.9321350670623891
0.1,0.03162277660168379,75,1.9116822723602431
0.1,0.03162277660168379,76,1.1126058417919102
0.1,0.03162277660168379,77,2.1798982857889175
0.1,0.03162277660168379,78,2.177484623269612
0.1,0.03162277660168379,79,2.3360273471431174
0.1,0.03162277660168379,80,1.4202528688913696
0.1,0.03162277660168379,81,1.5197032692388128
0.1,0.03162277660168379,82,2.004994718712888
0.1,0.03162277660168379,83,2.1638654058169977
0.1,0.03162277660168379,84,2.84632791264775
0.1,0.03162277660168379,85,2.0566096756878496
0.1,0.03162277660168379,86,4.038772047906961
0.1,0.03162277660168379,87,2.0999803346768227
0.1,0.03162277660168379,88,1.3479201622477937
0.1,0.03162277660168379,89,1.258666834338565
0.1,0.03162277660168379,90,1.9249763496949417
0.1,0.03162277660168379,91,2.993333896038154
0.1,0.03162277660168379,92,2.0845689213304928
0.1,0.03162277660168379,93,2.606301994831408
0.1,0.03162277660168379,94,2.6626098751291867
0.1,0.03162277660168379,95,5.140122882386209
0.1,0.03162277660168379,96,1.9535860511462517
0.1,0.03162277660168379,97,1.520133392301723
0.1,0.03162277660168379,98,1.3064607692017953
0.1,0.03162277660168379,99,1.398207987781312
0.1,0.1,0,9.898580907793031
0.1,0.1,1,1.8587941270544324
0.1,0.1,2,7.624717680240502
0.1,0.1,3,2.2510508095390573
0.1,0.1,4,3.6917879514161402
0.1,0.1,5,2.6620359469766255
0.1,0.1,6,5.411685525031883
0.1,0.1,7,6.24027573173131
0.1,0.1,8,5.112329959630929
0.1,0.1,9,10.860156789048357
0.1,0.1,10,1.7255848503705873
0.1,0.1,11,9.252923464846852
0.1,0.1,12,3.3247112779554238
0.1,0.1,13,3.488796788955082
0.1,0.1,14,2.5301222074099936
0.1,0.1,15,3.165356638751717
0.1,0.1,16,1.4190387404552025
0.1,0.1,17,2.4250501213224616
0.1,0.1,18,6.511905991230411
0.1,0.1,19,5.068340552231835
0.1,0.1,20,2.2507572890190826
0.1,0.1,21,2.234210159365947
0.1,0.1,22,9.110995284910953
0.1,0.1,23,6.5745904343502
0.1,0.1,24,2.7295534503951044
0.1,0.1,25,11.233962757702187
0.1,0.1,26,2.8729444866689597
0.1,0.1,27,3.425005302786211
0.1,0.1,28,2.6248971915317822
0.1,0.1,29,7.476209922437705
0.1,0.1,30,2.1224705611873205
0.1,0.1,31,3.756446068446427
0.1,0.1,32,9.658509507772106
0.1,0.1,33,7.215412846655385
0.1,0.1,34,3.8017538393958032
0.1,0.1,35,2.4560557931592517
0.1,0.1,36,1.6897781971252168
0.1,0.1,37,6.259293634725525
0.1,0.1,38,5.920440108245708
0.1,0.1,39,15.511403527996414
0.1,0.1,40,8.738389525520198
0.1,0.1,41,16.884574053140636
0.1,0.1,42,3.5986783083965954
0.1,0.1,43,3.8067721571320905
0.1,0.1,44,3.149322359115061
0.1,0.1,45,15.343186145370977
0.1,0.1,46,3.2844101961515744
0.1,0.1,47,3.981398942440915
0.1,0.1,48,8.49550599173823
0.1,0.1,49,9.278973036342153
0.1,0.1,50,4.292203475628992
0.1,0.1,51,3.985829475535007
0.1,0.1,52,6.480426669627724
0.1,0.1,53,3.5533111753221345
0.1,0.1,54,5.912022643163906
0.1,0.1,55,7.568928134926874
0.1,0.1,56,1.6954830460594832
0.1,0.1,57,2.294510931365666
0.1,0.1,58,1.8112319830677122
0.1,0.1,59,4.503873363122044
0.1,0.1,60,7.6358180224495245
0.1,0.1,61,4.473634117467639
0.1,0.1,62,20.822131455984923
0.1,0.1,63,4.936032789949234
0.1,0.1,64,6.7717911903222845
0.1,0.1,65,10.58988875107174
0.1,0.1,66,3.1356005736877113
0.1,0.1,67,11.726198933807446
0.1,0.1,68,2.5488734606398475
0.1,0.1,69,2.6225601460386665
0.1,0.1,70,2.519050664619294
0.1,0.1,71,6.3262005105561165
0.1,0.1,72,3.852670019596117
0.1,0.1,73,8.69215581191726
0.1,0.1,74,5.625510678960573
0.1,0.1,75,10.698178736628112
0.1,0.1,76,2.7168831487739897
0.1,0.1,77,1.3175205264129173
0.1,0.1,78,3.4234709384318824
0.1,0.1,79,5.869527422353936
0.1,0.1,80,5.254013286707342
0.1,0.1,81,2.825133365969994
0.1,0.1,82,1.9119261482217778
0.1,0.1,83,5.00721899838729
0.1,0.1,84,1.8186603752343806
0.1,0.1,85,4.67740983634334
0.1,0.1,86,2.695975825263308
0.1,0.1,87,6.056198348765274
0.1,0.1,88,4.441097907249412
0.1,0.1,89,5.412077551489688
0.1,0.1,90,2.4157533572460053
0.1,0.1,91,7.486249370382736
0.1,0.1,92,7.309931583711478
0.1,0.1,93,2.1012851353735367
0.1,0.1,94,5.262624303875315
0.1,0.1,95,5.032284439519706
0.1,0.1,96,1.98082084532623
0.1,0.1,97,5.8641083921022386
0.1,0.1,98,16.858724490138773
0.1,0.1,99,2.857351033314175
0.1,0.31622776601683794,0,50.0
0.1,0.31622776601683794,1,50.0
0.1,0.31622776601683794,2,50.0
0.1,0.31622776601683794,3,50.0
0.1,0.31622776601683794,4,50.0
0.1,0.31622776601683794,5,50.0
0.1,0.31622776601683794,6,50.0
0.1,0.31622776601683794,7,50.0
0.1,0.31622776601683794,8,50.0
0.1,0.31622776601683794,9,50.0
0.1,0.31622776601683794,10,50.0
0.1,0.31622776601683794,11,50.0
0.1,0.31622776601683794,12,50.0
0.1,0.31622776601683794,13,50.0
0.1,0.31622776601683794,14,50.0
0.1,0.31622776601683794,15,50.0
0.1,0.31622776601683794,16,50.0
0.1,0.31622776601683794,17,50.0
0.1,0.31622776601683794,18,50.0
0.1,0.31622776601683794,19,50.0
0.1,0.31622776601683794,20,50.0
0.1,0.31622776601683794,21,50.0
0.1,0.31622776601683794,22,50.0
0.1,0.31622776601683794,23,50.0
0.1,0.31622776601683794,24,50.0
0.1,0.31622776601683794,25,50.0
0.1,0.31622776601683794,26,50.0
0.1,0.31622776601683794,27,50.0
0.1,0.31622776601683794,28,50.0
0.1,0.31622776601683794,29,50.0
0.1,0.31622776601683794,30,50.0
0.1,0.31622776601683794,31,50.0
0.1,0.31622776601683794,32,50.0
0.1,0.31622776601683794,33,50.0
0.1,0.31622776601683794,34,50.0
0.1,0.31622776601683794,35,50.0
0.1,0.31622776601683794,36,50.0
0.1,0.31622776601683794,37,50.0
0.1,0.31622776601683794,38,50.0
0.1,0.31622776601683794,39,50.0
0.1,0.31622776601683794,40,50.0
0.1,0.31622776601683794,41,50.0
0.1,0.31622776601683794,42,50.0
0.1,0.31622776601683794,43,50.0
0.1,0.31622776601683794,44,50.0
0.1,0.31622776601683794,45,50.0
0.1,0.31622776601683794,46,50.0
0.1,0.31622776601683794,47,50.0
0.1,0.31622776601683794,48,50.0
0.1,0.31622776601683794,49,50.0
0.1,0.31622776601683794,50,50.0
0.1,0.31622776601683794,51,50.0
0.1,0.31622776601683794,52,50.0
0.1,0.31622776601683794,53,50.0
0.1,0.31622776601683794,54,50.0
0.1,0.31622776601683794,55,50.0
0.1,0.31622776601683794,56,50.0
0.1,0.31622776601683794,57,50.0
0.1,0.31622776601683794,58,50.0
0.1,0.31622776601683794,59,50.0
0.1,0.31622776601683794,60,50.0
0.1,0.31622776601683794,61,50.0
0.1,0.31622776601683794,62,50.0
0.1,0.31622776601683794,63,50.0
0.1,0.31622776601683794,64,50.0
0.1,0.31622776601683794,65,50.0
0.1,0.31622776601683794,66,50.0
0.1,0.31622776601683794,67,50.0
0.1,0.31622776601683794,68,50.0
0.1,0.31622776601683794,69,50.0
0.1,0.31622776601683794,70,50.0
0.1,0.31622776601683794,71,50.0
0.1,0.31622776601683794,72,50.0
0.1,0.31622776601683794,73,50.0
0.1,0.31622776601683794,74,50.0
0.1,0.31622776601683794,75,50.0
0.1,0.31622776601683794,76,50.0
0.1,0.31622776601683794,77,50.0
0.1,0.31622776601683794,78,50.0
0.1,0.31622776601683794,79,50.0
0.1,0.31622776601683794,80,50.0
0.1,0.31622776601683794,81,50.0
0.1,0.31622776601683794,82,50.0
0.1,0.31622776601683794,83,50.0
0.1,0.31622776601683794,84,50.0
0.1,0.31622776601683794,85,16.838397913017758
0.1,0.31622776601683794,86,50.0
0.1,0.31622776601683794,87,50.0
0.1,0.31622776601683794,88,50.0
0.1,0.31622776601683794,89,50.0
0.1,0.31622776601683794,90,50.0
0.1,0.31622776601683794,91,50.0
0.1,0.31622776601683794,92,50.0
0.1,0.31622776601683794,93,50.0
0.1,0.31622776601683794,94,50.0
0.1,0.31622776601683794,95,50.0
0.1,0.31622776601683794,96,50.0
0.1,0.31622776601683794,97,50.0
0.1,0.31622776601683794,98,50.0
0.1,0.31622776601683794,99,50.0
0.1,1.0,0,50.0
0.1,1.0,1,50.0
0.1,1.0,2,50.0
0.1,1.0,3,50.0
0.1,1.0,4,50.0
0.1,1.0,5,50.0
0.1,1.0,6,50.0
0.1,1.0,7,50.0
0.1,1.0,8,50.0
0.1,1.0,9,50.0
0.1,1.0,10,50.0
0.1,1.0,11,50.0
0.1,1.0,12,50.0
0.1,1.0,13,50.0
0.1,1.0,14,50.0
0.1,1.0,15,50.0
0.1,1.0,16,50.0
0.1,1.0,17,50.0
0.1,1.0,18,50.0
0.1,1.0,19,50.0
0.1,1.0,20,50.0
0.1,1.0,21,50.0
0.1,1.0,22,50.0
0.1,1.0,23,50.0
0.1,1.0,24,50.0
0.1,1.0,25,50.0
0.1,1.0,26,50.0
0.1,1.0,27,50.0
0.1,1.0,28,50.0
0.1,1.0,29,50.0
0.1,1.0,30,50.0
0.1,1.0,31,50.0
0.1,1.0,32,50.0
0.1,1.0,33,50.0
0.1,1.0,34,50.0
0.1,1.0,35,50.0
0.1,1.0,36,50.0
0.1,1.0,37,50.0
0.1,1.0,38,50.0
0.1,1.0,39,50.0
0.1,1.0,40,50.0
0.1,1.0,41,50.0
0.1,1.0,42,50.0
0.1,1.0,43,50.0
0.1,1.0,44,50.0
0.1,1.0,45,50.0
0.1,1.0,46,50.0
0.1,1.0,47,50.0
0.1,1.0,48,50.0
0.1,1.0,49,50.0
0.1,1.0,50,50.0
0.1,1.0,51,50.0
0.1,1.0,52,50.0
0.1,1.0,53,50.0
0.1,1.0,54,50.0
0.1,1.0,55,50.0
0.1,1.0,56,50.0
0.1,1.0,57,50.0
0.1,1.0,58,50.0
0.1,1.0,59,50.0
0.1,1.0,60,50.0
0.1,1.0,61,50.0
0.1,1.0,62,50.0
0.1,1.0,63,50.0
0.1,1.0,64,50.0
0.1,1.0,65,50.0
0.1,1.0,66,50.0
0.1,1.0,67,50.0
0.1,1.0,68,50.0
0.1,1.0,69,50.0
0.1,1.0,70,50.0
0.1,1.0,71,50.0
0.1,1.0,72,50.0
0.1,1.0,73,50.0
0.1,1.0,74,50.0
0.1,1.0,75,50.0
0.1,1.0,76,50.0
0.1,1.0,77,50.0
0.1,1.0,78,50.0
0.1,1.0,79,50.0
0.1,1.0,80,50.0
0.1,1.0,81,50.0
0.1,1.0,82,50.0
0.1,1.0,83,50.0
0.1,1.0,84,50.0
0.1,1.0,85,50.0
0.1,1.0,86,50.0
0.1,1.0,87,50.0
0.1,1.0,88,50.0
0.1,1.0,89,50.0
0.1,1.0,90,50.0
0.1,1.0,91,50.0
0.1,1.0,92,50.0
0.1,1.0,93,50.0
0.1,1.0,94,50.0
0.1,1.0,95,50.0
0.1,1.0,96,50.0
0.1,1.0,97,50.0
0.1,1.0,98,50.0
0.1,1.0,99,50.0
0.31622776601683794,0.01,0,3.4545638281177613
0.31622776601683794,0.01,1,2.0035071339644865
0.31622776601683794,0.01,2,2.603599927339436
0.31622776601683794,0.01,3,1.9358250913822646
0.31622776601683794,0.01,4,2.5078744481576196
0.31622776601683794,0.01,5,2.3587874318427247
0.31622776601683794,0.01,6,2.6943407961788375
0.31622776601683794,0.01,7,2.078327180478633
0.31622776601683794,0.01,8,3.255407561563657
0.31622776601683794,0.01,9,1.1949585377677017
0.31622776601683794,0.01,10,2.1176740665705647
0.31622776601683794,0.01,11,1.6079530361831267
0.31622776601683794,0.01,12,1.2898553603396818
0.31622776601683794,0.01,13,3.6754835256313245
0.31622776601683794,0.01,14,1.1669323801351352
0.31622776601683794,0.01,15,5.9739541915324805
0.31622776601683794,0.01,16,1.7170018623128527
0.31622776601683794,0.01,17,2.773517408160337
0.31622776601683794,0.01,18,1.9000479866650335
0.31622776601683794,0.01,19,2.3028990575078048
0.31622776601683794,0.01,20,1.0171518733487643
0.31622776601683794,0.01,21,3.956923102813948
0.31622776601683794,0.01,22,1.3145238232355878
0.31622776601683794,0.01,23,1.680796778111783
0.31622776601683794,0.01,24,1.4383671826303785
0.31622776601683794,0.01,25,1.049536827465977
0.31622776601683794,0.01,26,3.137406688158976
0.31622776601683794,0.01,27,1.1772268881898618
0.31622776601683794,0.01,28,1.4378858041656148
0.31622776601683794,0.01,29,0.976414489625617
0.31622776601683794,0.01,30,2.6983211977075645
0.31622776601683794,0.01,31,1.3720263394844574
0.31622776601683794,0.01,32,2.579976426536239
0.31622776601683794,0.01,33,1.3172943334384115
0.31622776601683794,0.01,34,2.6364406485454044
0.31622776601683794,0.01,35,0.9417720783983947
0.31622776601683794,0.01,36,1.03825853300538
0.31622776601683794,0.01,37,1.2544123529944153
0.31622776601683794,0.01,38,1.7371442385543236
0.31622776601683794,0.01,39,1.4570496531918296
0.31622776601683794,0.01,40,2.0046321627810135
0.31622776601683794,0.01,41,2.0424417506292682
0.31622776601683794,0.01,42,2.225792135663112
0.31622776601683794,0.01,43,0.979638680623717
0.31622776601683794,0.01,44,1.0965096803851027
0.31622776601683794,0.01,45,1.2666537674575051
0.31622776601683794,0.01,46,1.6168469515179176
0.31622776601683794,0.01,47,2.7383130268752662
0.31622776601683794,0.01,48,1.4996162114448492
0.31622776601683794,0.01,49,1.4990985024907233
0.31622776601683794,0.01,50,1.0948338213460391
0.31622776601683794,0.01,51,2.0875620838417617
0.31622776601683794,0.01,52,1.5453920827587204
0.31622776601683794,0.01,53,2.042166518071643
0.31622776601683794,0.01,54,1.0029826035798792
0.31622776601683794,0.01,55,1.952798526422421
0.31622776601683794,0.01,56,3.084320905849562
0.31622776601683794,0.01,57,0.9978451965143551
0.31622776601683794,0.01,58,0.8433171557147157
0.31622776601683794,0.01,59,1.386257458197281
0.31622776601683794,0.01,60,1.587963282897463
0.31622776601683794,0.01,61,1.187469610785187
0.31622776601683794,0.01,62,1.006287002196785
0.31622776601683794,0.01,63,1.2097160294884879
0.31622776601683794,0.01,64,1.07967159527228
0.31622776601683794,0.01,65,1.6665057349247725
0.31622776601683794,0.01,66,1.4220766364570874
0.31622776601683794,0.01,67,3.0260479058585257
0.31622776601683794,0.01,68,1.2634252403812989
0.31622776601683794,0.01,69,2.8317217007673596
0.31622776601683794,0.01,70,1.9554389260410114
0.31622776601683794,0.01,71,1.6136012042608534
0.31622776601683794,0.01,72,1.8780550955991617
0.31622776601683794,0.01,73,0.9853464354172587
0.31622776601683794,0.01,74,1.052792801637657
0.31622776601683794,0.01,75,2.4026090309304142
0.31622776601683794,0.01,76,1.0286786967324502
0.31622776601683794,0.01,77,0.8426270531469398
0.31622776601683794,0.01,78,10.125664368916183
0.31622776601683794,0.01,79,1.2632074978417527
0.31622776601683794,0.01,80,2.6758271423401983
0.31622776601683794,0.01,81,1.700323846693223
0.31622776601683794,0.01,82,1.6471970167376724
0.31622776601683794,0.01,83,1.1020338763780007
0.31622776601683794,0.01,84,1.8525903564535184
0.31622776601683794,0.01,85,1.6247146249248174
0.31622776601683794,0.01,86,1.1334820864360122
0.31622776601683794,0.01,87,1.8793602901828717
0.31622776601683794,0.01,88,1.2724022807152717
0.31622776601683794,0.01,89,1.1266272028484774
0.31622776601683794,0.01,90,4.214822590810879
0.31622776601683794,0.01,91,1.502402681327394
0.31622776601683794,0.01,92,1.671491030128352
0.31622776601683794,0.01,93,4.782914812068919
0.31622776601683794,0.01,94,1.0119492447297294
0.31622776601683794,0.01,95,1.5042662282372838
0.31622776601683794,0.01,96,1.4269139040005943
0.31622776601683794,0.01,97,6.7587802573233855
0.31622776601683794,0.01,98,1.2489637363374604
0.31622776601683794,0.01,99,1.5379266631608859
0.31622776601683794,0.03162277660168379,0,1.1796630736379654
0.31622776601683794,0.03162277660168379,1,2.548209759938824
0.31622776601683794,0.03162277660168379,2,2.7627725691002065
0.31622776601683794,0.03162277660168379,3,0.9412167675830125
0.31622776601683794,0.03162277660168379,4,2.964334366217757
0.31622776601683794,0.03162277660168379,5,1.357154138565825
0.31622776601683794,0.03162277660168379,6,2.706182256945069
0.31622776601683794,0.03162277660168379,7,1.130160495411344
0.31622776601683794,0.03162277660168379,8,1.6963715173526137
0.31622776601683794,0.03162277660168379,9,1.134204738588813
0.31622776601683794,0.03162277660168379,10,1.457376787692401
0.31622776601683794,0.03162277660168379,11,2.0995361610416543
0.31622776601683794,0.03162277660168379,12,1.1986272015279482
0.31622776601683794,0.03162277660168379,13,0.9354818658429596
0.31622776601683794,0.03162277660168379,14,1.2206047273035867
0.31622776601683794,0.03162277660168379,15,2.294319055001521
0.31622776601683794,0.03162277660168379,16,1.3143459134623443
0.31622776601683794,0.03162277660168379,17,2.3421316235581844
0.31622776601683794,0.03162277660168379,18,1.4159500515391625
0.31622776601683794,0.03162277660168379,19,1.1080673527773366
0.31622776601683794,0.03162277660168379,20,2.5398421019121766
0.31622776601683794,0.03162277660168379,21,1.1570006811984948
0.31622776601683794,0.03162277660168379,22,0.7470582749247501
0.31622776601683794,0.03162277660168379,23,1.1835695037807146
0.31622776601683794,0.03162277660168379,24,1.0024437979135516
0.31622776601683794,0.03162277660168379,25,1.8116441376802555
0.31622776601683794,0.03162277660168379,26,1.5307236827109378
0.31622776601683794,0.03162277660168379,27,2.0042125485053592
0.31622776601683794,0.03162277660168379,28,2.209576875509401
0.31622776601683794,0.03162277660168379,29,2.7701082766302196
0.31622776601683794,0.03162277660168379,30,2.828777709844014
0.31622776601683794,0.03162277660168379,31,2.4867090039270856
0.31622776601683794,0.03162277660168379,32,3.128134845056889
0.31622776601683794,0.03162277660168379,33,1.702142321121447
0.31622776601683794,0.03162277660168379,34,1.3507011318925435
0.31622776601683794,0.03162277660168379,35,1.4527291666210103
0.31622776601683794,0.03162277660168379,36,1.5051668239810212
0.31622776601683794,0.03162277660168379,37,1.1711404901276308
0.31622776601683794,0.03162277660168379,38,1.642768367355506
0.31622776601683794,0.03162277660168379,39,1.3891122838720857
0.31622776601683794,0.03162277660168379,40,1.2868244308220251
0.31622776601683794,0.03162277660168379,41,1.4574389506173961
0.31622776601683794,0.03162277660168379,42,0.935493146349485
0.31622776601683794,0.03162277660168379,43,2.8747565268280986
0.31622776601683794,0.03162277660168379,44,1.7152866261884476
0.31622776601683794,0.03162277660168379,45,1.4216695083306403
0.31622776601683794,0.03162277660168379,46,1.8153533235918118
0.31622776601683794,0.03162277660168379,47,1.794221487766888
0.31622776601683794,0.03162277660168379,48,1.4399887997175276
0.31622776601683794,0.03162277660168379,49,1.3499780367256384
0.31622776601683794,0.03162277660168379,50,1.460381665973701
0.31622776601683794,0.03162277660168379,51,2.172543436807451
0.31622776601683794,0.03162277660168379,52,1.5583471296172648
0.31622776601683794,0.03162277660168379,53,2.0328919558096574
0.31622776601683794,0.03162277660168379,54,2.641749278166928
0.31622776601683794,0.03162277660168379,55,2.0280628956881634
0.31622776601683794,0.03162277660168379,56,2.0983701403169475
0.31622776601683794,0.03162277660168379,57,1.0863536488547334
0.31622776601683794,0.03162277660168379,58,1.239464483913478
0.31622776601683794,0.03162277660168379,59,1.3319584229656678
0.31622776601683794,0.03162277660168379,60,1.3483374582862688
0.31622776601683794,0.03162277660168379,61,1.8939258333816027
0.31622776601683794,0.03162277660168379,62,1.015205666209449
0.31622776601683794,0.03162277660168379,63,1.05458309804904
0.31622776601683794,0.03162277660168379,64,3.2777092397696075
0.31622776601683794,0.03162277660168379,65,1.3914541243552656
0.31622776601683794,0.03162277660168379,66,1.4027928626849988
0.31622776601683794,0.03162277660168379,67,2.0030243234804512
0.31622776601683794,0.03162277660168379,68,1.8933423899939803
0.31622776601683794,0.03162277660168379,69,1.4150720912563164
0.31622776601683794,0.03162277660168379,70,2.009286696430979
0.31622776601683794,0.03162277660168379,71,1.6614922304315243
0.31622776601683794,0.03162277660168379,72,1.0078592741760721
0.31622776601683794,0.03162277660168379,73,2.0125841470611583
0.31622776601683794,0.03162277660168379,74,1.4174898121343251
0.31622776601683794,0.03162277660168379,75,1.6533636726660084
0.31622776601683794,0.03162277660168379,76,2.6043469941821593
0.31622776601683794,0.03162277660168379,77,1.2313722108448024
0.31622776601683794,0.03162277660168379,78,1.07906784539364
0.31622776601683794,0.03162277660168379,79,1.840963508315027
0.31622776601683794,0.03162277660168379,80,0.975776489829407
0.31622776601683794,0.03162277660168379,81,1.4225732154685176
0.31622776601683794,0.03162277660168379,82,2.542456148249532
0.31622776601683794,0.03162277660168379,83,2.027954663382449
0.31622776601683794,0.03162277660168379,84,1.74346011450152
0.31622776601683794,0.03162277660168379,85,0.8515112251518336
0.31622776601683794,0.03162277660168379,86,1.589084658270175
0.31622776601683794,0.03162277660168379,87,1.5961410336904138
0.31622776601683794,0.03162277660168379,88,1.852603361168004
0.31622776601683794,0.03162277660168379,89,2.3699541177113765
0.31622776601683794,0.03162277660168379,90,1.2454257952389682
0.31622776601683794,0.03162277660168379,91,1.4355910434844734
0.31622776601683794,0.03162277660168379,92,1.6948017012806431
0.31622776601683794,0.03162277660168379,93,0.9199249805225936
0.31622776601683794,0.03162277660168379,94,0.9874197254979681
0.31622776601683794,0.03162277660168379,95,1.7911280282804651
0.31622776601683794,0.03162277660168379,96,1.3867951441725213
0.31622776601683794,0.03162277660168379,97,1.0474555338960483
0.31622776601683794,0.03162277660168379,98,0.9606549845875807
0.31622776601683794,0.03162277660168379,99,1.5123934857437165
0.31622776601683794,0.1,0,3.2513009505996626
0.31622776601683794,0.1,1,5.664088466107957
0.31622776601683794,0.1,2,4.048467013006039
0.31622776601683794,0.1,3,13.61667676816107
0.31622776601683794,0.1,4,1.6574747075443361
0.31622776601683794,0.1,5,1.3999723377915019
0.31622776601683794,0.1,6,4.786157993347182
0.31622776601683794,0.1,7,8.423487046597298
0.31622776601683794,0.1,8,2.2184834254581434
0.31622776601683794,0.1,9,4.579612589401902
0.31622776601683794,0.1,10,2.6923623053970096
0.31622776601683794,0.1,11,6.063347599879195
0.31622776601683794,0.1,12,3.1273113085355133
0.31622776601683794,0.1,13,1.4744248895291237
0.31622776601683794,0.1,14,1.76014310056384
0.31622776601683794,0.1,15,6.317328359981988
0.31622776601683794,0.1,16,4.946647706787711
0.31622776601683794,0.1,17,4.091633008969031
0.31622776601683794,0.1,18,1.3550277334077712
0.31622776601683794,0.1,19,4.163233705075892
0.31622776601683794,0.1,20,4.151303435021562
0.31622776601683794,0.1,21,9.037994652472436
0.31622776601683794,0.1,22,1.9540437764877852
0.31622776601683794,0.1,23,1.5462630797013206
0.31622776601683794,0.1,24,6.318523887342312
0.31622776601683794,0.1,25,2.734632493003383
0.31622776601683794,0.1,26,1.894123497274624
0.31622776601683794,0.1,27,3.8468844525046437
0.31622776601683794,0.1,28,1.6216320404014093
0.31622776601683794,0.1,29,4.7952628608919206
0.31622776601683794,0.1,30,5.940281510897685
0.31622776601683794,0.1,31,8.50201249110752
0.31622776601683794,0.1,32,3.4800504723598378
0.31622776601683794,0.1,33,5.3201073737534195
0.31622776601683794,0.1,34,7.573093306686489
0.31622776601683794,0.1,35,7.0067211414476285
0.31622776601683794,0.1,36,6.264055464955983
0.31622776601683794,0.1,37,1.1798922265143874
0.31622776601683794,0.1,38,4.4258228724449395
0.31622776601683794,0.1,39,1.6679963737587047
0.31622776601683794,0.1,40,3.89503262475641
0.31622776601683794,0.1,41,5.3174357587559715
0.31622776601683794,0.1,42,2.255324736385477
0.31622776601683794,0.1,43,1.3092132785018018
0.31622776601683794,0.1,44,5.74375175704157
0.31622776601683794,0.1,45,2.305276820183819
0.31622776601683794,0.1,46,5.086625250291564
0.31622776601683794,0.1,47,1.1068376355139982
0.31622776601683794,0.1,48,4.314699637919018
0.31622776601683794,0.1,49,2.748525781032573
0.31622776601683794,0.1,50,2.018333856630491
0.31622776601683794,0.1,51,3.5711904964566292
0.31622776601683794,0.1,52,1.462676218378883
0.31622776601683794,0.1,53,2.1696942522903724
0.31622776601683794,0.1,54,3.293944365961108
0.31622776601683794,0.1,55,1.795354675785804
0.31622776601683794,0.1,56,11.81419647048074
0.31622776601683794,0.1,57,5.394791354753212
0.31622776601683794,0.1,58,7.487967350956931
0.31622776601683794,0.1,59,6.619374430983049
0.31622776601683794,0.1,60,4.5125285047077295
0.31622776601683794,0.1,61,1.4746190531253265
0.31622776601683794,0.1,62,2.2972782202716817
0.31622776601683794,0.1,63,5.862838599306234
0.31622776601683794,0.1,64,1.6883884867839298
0.31622776601683794,0.1,65,3.860209404705734
0.31622776601683794,0.1,66,2.383648577507658
0.31622776601683794,0.1,67,0.9688888284505026
0.31622776601683794,0.1,68,2.5980451492614374
0.31622776601683794,0.1,69,9.389892882475362
0.31622776601683794,0.1,70,3.995891024866388
0.31622776601683794,0.1,71,3.009785945777704
0.31622776601683794,0.1,72,4.24117824929231
0.31622776601683794,0.1,73,1.9589030372549765
0.31622776601683794,0.1,74,3.8537808989536746
0.31622776601683794,0.1,75,1.5799118029284966
0.31622776601683794,0.1,76,1.046255610056924
0.31622776601683794,0.1,77,2.691356918462637
0.31622776601683794,0.1,78,3.834544627691566
0.31622776601683794,0.1,79,4.334244611305367
0.31622776601683794,0.1,80,3.1748900660675248
0.31622776601683794,0.1,81,4.316908397101926
0.31622776601683794,0.1,82,6.1205503667466195
0.31622776601683794,0.1,83,5.740856043468964
0.31622776601683794,0.1,84,1.0874930749245861
0.31622776601683794,0.1,85,5.8288458219454204
0.31622776601683794,0.1,86,14.791391047951555
0.31622776601683794,0.1,87,7.355027171796958
0.31622776601683794,0.1,88,2.0283208671916313
0.31622776601683794,0.1,89,2.315148021227235
0.31622776601683794,0.1,90,4.79221764662244
0.31622776601683794,0.1,91,3.6147980413997547
0.31622776601683794,0.1,92,2.593439975989508
0.31622776601683794,0.1,93,1.6270021246262263
0.31622776601683794,0.1,94,2.3705544516606314
0.31622776601683794,0.1,95,1.2094503654634987
0.31622776601683794,0.1,96,13.786469590354208
0.31622776601683794,0.1,97,4.55924285439297
0.31622776601683794,0.1,98,2.210242117657234
0.31622776601683794,0.1,99,2.8512528295816884
0.31622776601683794,0.31622776601683794,0,50.0
0.31622776601683794,0.31622776601683794,1,50.0
0.31622776601683794,0.31622776601683794,2,50.0
0.31622776601683794,0.31622776601683794,3,50.0
0.31622776601683794,0.31622776601683794,4,50.0
0.31622776601683794,0.31622776601683794,5,50.0
0.31622776601683794,0.31622776601683794,6,50.0
0.31622776601683794,0.31622776601683794,7,50.0
0.31622776601683794,0.31622776601683794,8,50.0
0.31622776601683794,0.31622776601683794,9,50.0
0.31622776601683794,0.31622776601683794,10,50.0
0.31622776601683794,0.31622776601683794,11,50.0
0.31622776601683794,0.31622776601683794,12,50.0
0.31622776601683794,0.31622776601683794,13,50.0
0.31622776601683794,0.31622776601683794,14,50.0
0.31622776601683794,0.31622776601683794,15,50.0
0.31622776601683794,0.31622776601683794,16,50.0
0.31622776601683794,0.31622776601683794,17,50.0
0.31622776601683794,0.31622776601683794,18,50.0
0.31622776601683794,0.31622776601683794,19,50.0
0.31622776601683794,0.31622776601683794,20,50.0
0.31622776601683794,0.31622776601683794,21,50.0
0.31622776601683794,0.31622776601683794,22,50.0
0.31622776601683794,0.31622776601683794,23,50.0
0.31622776601683794,0.31622776601683794,24,50.0
0.31622776601683794,0.31622776601683794,25,50.0
0.31622776601683794,0.31622776601683794,26,50.0
0.31622776601683794,0.31622776601683794,27,50.0
0.31622776601683794,0.31622776601683794,28,50.0
0.31622776601683794,0.31622776601683794,29,50.0
0.31622776601683794,0.31622776601683794,30,50.0
0.31622776601683794,0.31622776601683794,31,50.0
0.31622776601683794,0.31622776601683794,32,50.0
0.31622776601683794,0.31622776601683794,33,50.0
0.31622776601683794,0.31622776601683794,34,50.0
0.31622776601683794,0.31622776601683794,35,50.0
0.31622776601683794,0.31622776601683794,36,50.0
0.31622776601683794,0.31622776601683794,37,50.0
0.31622776601683794,0.31622776601683794,38,50.0
0.31622776601683794,0.31622776601683794,39,50.0
0.31622776601683794,0.31622776601683794,40,50.0
0.31622776601683794,0.31622776601683794,41,50.0
0.31622776601683794,0.31622776601683794,42,50.0
0.31622776601683794,0.31622776601683794,43,50.0
0.31622776601683794,0.31622776601683794,44,50.0
0.31622776601683794,0.31622776601683794,45,50.0
0.31622776601683794,0.31622776601683794,46,50.0
0.31622776601683794,0.31622776601683794,47,50.0
0.31622776601683794,0.31622776601683794,48,50.0
0.31622776601683794,0.31622776601683794,49,50.0
0.31622776601683794,0.31622776601683794,50,50.0
0.31622776601683794,0.31622776601683794,51,50.0
0.31622776601683794,0.31622776601683794,52,50.0
0.31622776601683794,0.31622776601683794,53,50.0
0.31622776601683794,0.31622776601683794,54,50.0
0.31622776601683794,0.31622776601683794,55,50.0
0.31622776601683794,0.31622776601683794,56,50.0
0.31622776601683794,0.31622776601683794,57,50.0
0.31622776601683794,0.31622776601683794,58,50.0
0.31622776601683794,0.31622776601683794,59,50.0
0.31622776601683794,0.31622776601683794,60,50.0
0.31622776601683794,0.31622776601683794,61,50.0
0.31622776601683794,0.31622776601683794,62,50.0
0.31622776601683794,0.31622776601683794,63,50.0
0.31622776601683794,0.31622776601683794,64,50.0
0.31622776601683794,0.31622776601683794,65,50.0
0.31622776601683794,0.31622776601683794,66,50.0
0.31622776601683794,0.31622776601683794,67,50.0
0.31622776601683794,0.31622776601683794,68,50.0
0.31622776601683794,0.31622776601683794,69,50.0
0.31622776601683794,0.31622776601683794,70,50.0
0.31622776601683794,0.31622776601683794,71,50.0
0.31622776601683794,0.31622776601683794,72,50.0
0.31622776601683794,0.31622776601683794,73,50.0
0.31622776601683794,0.31622776601683794,74,19.990924642183042
0.31622776601683794,0.31622776601683794,75,50.0
0.31622776601683794,0.31622776601683794,76,50.0
0.31622776601683794,0.31622776601683794,77,50.0
0.31622776601683794,0.31622776601683794,78,50.0
0.31622776601683794,0.31622776601683794,79,50.0
0.31622776601683794,0.31622776601683794,80,50.0
0.31622776601683794,0.31622776601683794,81,50.0
0.31622776601683794,0.31622776601683794,82,50.0
0.31622776601683794,0.31622776601683794,83,50.0
0.31622776601683794,0.31622776601683794,84,50.0
0.31622776601683794,0.31622776601683794,85,50.0
0.31622776601683794,0.31622776601683794,86,50.0
0.31622776601683794,0.31622776601683794,87,50.0
0.31622776601683794,0.31622776601683794,88,50.0
0.31622776601683794,0.31622776601683794,89,50.0
0.31622776601683794,0.31622776601683794,90,50.0
0.31622776601683794,0.31622776601683794,91,50.0
0.31622776601683794,0.31622776601683794,92,50.0
0.31622776601683794,0.31622776601683794,93,50.0
0.31622776601683794,0.31622776601683794,94,50.0
0.31622776601683794,0.31622776601683794,95,50.0
0.31622776601683794,0.31622776601683794,96,50.0
0.31622776601683794,0.31622776601683794,97,50.0
0.31622776601683794,0.31622776601683794,98,50.0
0.31622776601683794,0.31622776601683794,99,50.0
0.31622776601683794,1.0,0,50.0
0.31622776601683794,1.0,1,50.0
0.31622776601683794,1.0,2,50.0
0.31622776601683794,1.0,3,50.0
0.31622776601683794,1.0,4,50.0
0.31622776601683794,1.0,5,50.0
0.31622776601683794,1.0,6,50.0
0.31622776601683794,1.0,7,50.0
0.31622776601683794,1.0,8,50.0
0.31622776601683794,1.0,9,50.0
0.31622776601683794,1.0,10,50.0
0.31622776601683794,1.0,11,50.0
0.31622776601683794,1.0,12,50.0
0.31622776601683794,1.0,13,50.0
0.31622776601683794,1.0,14,50.0
0.31622776601683794,1.0,15,50.0
0.31622776601683794,1.0,16,50.0
0.31622776601683794,1.0,17,50.0
0.31622776601683794,1.0,18,50.0
0.31622776601683794,1.0,19,50.0
0.31622776601683794,1.0,20,50.0
0.31622776601683794,1.0,21,50.0
0.31622776601683794,1.0,22,50.0
0.31622776601683794,1.0,23,50.0
0.31622776601683794,1.0,24,50.0
0.31622776601683794,1.0,25,50.0
0.31622776601683794,1.0,26,50.0
0.31622776601683794,1.0,27,50.0
0.31622776601683794,1.0,28,50.0
0.31622776601683794,1.0,29,50.0
0.31622776601683794,1.0,30,50.0
0.31622776601683794,1.0,31,50.0
0.31622776601683794,1.0,32,50.0
0.31622776601683794,1.0,33,50.0
0.31622776601683794,1.0,34,50.0
0.31622776601683794,1.0,35,50.0
0.31622776601683794,1.0,36,50.0
0.31622776601683794,1.0,37,50.0
0.31622776601683794,1.0,38,50.0
0.31622776601683794,1.0,39,50.0
0.31622776601683794,1.0,40,50.0
0.31622776601683794,1.0,41,50.0
0.31622776601683794,1.0,42,50.0
0.31622776601683794,1.0,43,50.0
0.31622776601683794,1.0,44,50.0
0.31622776601683794,1.0,45,50.0
0.31622776601683794,1.0,46,50.0
0.31622776601683794,1.0,47,50.0
0.31622776601683794,1.0,48,50.0
0.31622776601683794,1.0,49,50.0
0.31622776601683794,1.0,50,50.0
0.31622776601683794,1.0,51,50.0
0.31622776601683794,1.0,52,50.0
0.31622776601683794,1.0,53,50.0
0.31622776601683794,1.0,54,50.0
0.31622776601683794,1.0,55,50.0
0.31622776601683794,1.0,56,50.0
0.31622776601683794,1.0,57,50.0
0.31622776601683794,1.0,58,50.0
0.31622776601683794,1.0,59,50.0
0.31622776601683794,1.0,60,50.0
0.31622776601683794,1.0,61,50.0
0.31622776601683794,1.0,62,50.0
0.31622776601683794,1.0,63,50.0
0.31622776601683794,1.0,64,50.0
0.31622776601683794,1.0,65,50.0
0.31622776601683794,1.0,66,50.0
0.31622776601683794,1.0,67,50.0
0.31622776601683794,1.0,68,50.0
0.31622776601683794,1.0,69,50.0
0.31622776601683794,1.0,70,50.0
0.31622776601683794,1.0,71,50.0
0.31622776601683794,1.0,72,50.0
0.31622776601683794,1.0,73,50.0
0.31622776601683794,1.0,74,50.0
0.31622776601683794,1.0,75,50.0
0.31622776601683794,1.0,76,50.0
0.31622776601683794,1.0,77,50.0
0.31622776601683794,1.0,78,50.0
0.31622776601683794,1.0,79,50.0
0.31622776601683794,1.0,80,50.0
0.31622776601683794,1.0,81,50.0
0.31622776601683794,1.0,82,50.0
0.31622776601683794,1.0,83,50.0
0.31622776601683794,1.0,84,50.0
0.31622776601683794,1.0,85,50.0
0.31622776601683794,1.0,86,50.0
0.31622776601683794,1.0,87,50.0
0.31622776601683794,1.0,88,50.0
0.31622776601683794,1.0,89,50.0
0.31622776601683794,1.0,90,50.0
0.31622776601683794,1.0,91,50.0
0.31622776601683794,1.0,92,50.0
0.31622776601683794,1.0,93,50.0
0.31622776601683794,1.0,94,50.0
0.31622776601683794,1.0,95,50.0
0.31622776601683794,1.0,96,50.0
0.31622776601683794,1.0,97,50.0
0.31622776601683794,1.0,98,50.0
0.31622776601683794,1.0,99,50.0
1.0,0.01,0,2.6879000047399764
1.0,0.01,1,1.1186992140686294
1.0,0.01,2,2.14359282934879
1.0,0.01,3,1.8012133994868602
1.0,0.01,4,1.6556344587824505
1.0,0.01,5,3.0249660019971722
1.0,0.01,6,1.2821958505527467
1.0,0.01,7,2.972637376694607
1.0,0.01,8,3.7251750440518503
1.0,0.01,9,1.2662962265701498
1.0,0.01,10,1.107316795235816
1.0,0.01,11,0.8340689117537015
1.0,0.01,12,2.9473868836699757
1.0,0.01,13,1.6630533052939274
1.0,0.01,14,1.6977462791290914
1.0,0.01,15,1.5070545567209575
1.0,0.01,16,4.006387959329799
1.0,0.01,17,1.6441013091703847
1.0,0.01,18,5.964399345150315
1.0,0.01,19,0.8240061361910073
1.0,0.01,20,0.9185883434131934
1.0,0.01,21,5.684778509276183
1.0,0.01,22,1.0663331338990585
1.0,0.01,23,2.317250829731804
1.0,0.01,24,3.5778693555226697
1.0,0.01,25,2.965480414293139
1.0,0.01,26,1.0359140254002859
1.0,0.01,27,2.216423812587549
1.0,0.01,28,0.8849108533835923
1.0,0.01,29,0.66021036859782
1.0,0.01,30,7.330398491459791
1.0,0.01,31,0.988445861798722
1.0,0.01,32,1.104158483055123
1.0,0.01,33,5.097334115892481
1.0,0.01,34,1.6369148080046259
1.0,0.01,35,1.1962562713912717
1.0,0.01,36,0.8511426944892837
1.0,0.01,37,2.1074899623484296
1.0,0.01,38,1.5259802799965811
1.0,0.01,39,2.8591060284466945
1.0,0.01,40,1.326182762061511
1.0,0.01,41,0.8858443497961755
1.0,0.01,42,0.7352908789696787
1.0,0.01,43,0.7335393145252681
1.0,0.01,44,0.7926294699338423
1.0,0.01,45,1.1038548702025488
1.0,0.01,46,3.969305337510323
1.0,0.01,47,0.7908498958313689
1.0,0.01,48,8.018945103021112
1.0,0.01,49,1.7657306963593005
1.0,0.01,50,1.609164828103144
1.0,0.01,51,0.9183236363300976
1.0,0.01,52,1.3687405692622105
1.0,0.01,53,2.693655854251731
1.0,0.01,54,1.205854776528567
1.0,0.01,55,1.0592113861573254
1.0,0.01,56,1.0746260806854409
1.0,0.01,57,0.9204479625691397
1.0,0.01,58,0.8861421758810692
1.0,0.01,59,0.667593837654805
1.0,0.01,60,1.7940945258088274
1.0,0.01,61,2.748237579440205
1.0,0.01,62,2.8454944244368865
1.0,0.01,63,2.0557779914480854
1.0,0.01,64,1.134690834951515
1.0,0.01,65,0.7856201392359968
1.0,0.01,66,3.705638428223567
1.0,0.01,67,0.9952659323724516
1.0,0.01,68,2.4858874848586514
1.0,0.01,69,1.328061750731211
1.0,0.01,70,6.265773260348096
1.0,0.01,71,2.3641462476503103
1.0,0.01,72,1.5541224552309145
1.0,0.01,73,1.29891183764181
1.0,0.01,74,1.0910396467041925
1.0,0.01,75,2.0448014083642625
1.0,0.01,76,1.472757382176128
1.0,0.01,77,2.6112831824461002
1.0,0.01,78,3.026623052516928
1.0,0.01,79,2.316370349677933
1.0,0.01,80,0.8486704659638847
1.0,0.01,81,0.9055807394577258
1.0,0.01,82,2.2764150788086726
1.0,0.01,83,0.9480852682963101
1.0,0.01,84,2.1927528654230084
1.0,0.01,85,1.0639793805352808
1.0,0.01,86,3.0945460324608436
1.0,0.01,87,4.323772641361395
1.0,0.01,88,2.0321682888165533
1.0,0.01,89,1.6918323138482367
1.0,0.01,90,0.8295840783050767
1.0,0.01,91,1.147911058934378
1.0,0.01,92,7.329938747375534
1.0,0.01,93,3.526996004617714
1.0,0.01,94,1.4788487722089037
1.0,0.01,95,2.4426727879552965
1.0,0.01,96,0.9250247799574287
1.0,0.01,97,1.1904363351783929
1.0,0.01,98,0.816029764685729
1.0,0.01,99,4.126903188642841
1.0,0.03162277660168379,0,1.5544943480884887
1.0,0.03162277660168379,1,0.7910776800908295
1.0,0.03162277660168379,2,2.6266064411115275
1.0,0.03162277660168379,3,1.6150676611494557
1.0,0.03162277660168379,4,0.8899642553462228
1.0,0.03162277660168379,5,1.36143781525728
1.0,0.03162277660168379,6,1.1668193390519754
1.0,0.03162277660168379,7,0.9837364688658136
1.0,0.03162277660168379,8,1.150808810236422
1.0,0.03162277660168379,9,1.6607186152025148
1.0,0.03162277660168379,10,1.0786232916911724
1.0,0.03162277660168379,11,1.617671521322376
1.0,0.03162277660168379,12,1.1862585717063878
1.0,0.03162277660168379,13,0.9227498263894555
1.0,0.03162277660168379,14,1.4519883850864763
1.0,0.03162277660168379,15,1.4015306149399929
1.0,0.03162277660168379,16,1.2726972747547465
1.0,0.03162277660168379,17,1.2809225449745514
1.0,0.03162277660168379,18,0.954989742800752
1.0,0.03162277660168379,19,1.1303071156327649
1.0,0.03162277660168379,20,1.4356414318778397
1.0,0.03162277660168379,21,1.0120139855185202
1.0,0.03162277660168379,22,0.7024037735678514
1.0,0.03162277660168379,23,0.8856798257764962
1.0,0.03162277660168379,24,1.3862482708096295
1.0,0.03162277660168379,25,1.6814998543305617
1.0,0.03162277660168379,26,0.9642989334025889
1.0,0.03162277660168379,27,1.2503848940630042
1.0,0.03162277660168379,28,2.1584427364148677
1.0,0.03162277660168379,29,1.955192433690419
1.0,0.03162277660168379,30,1.9086786149275397
1.0,0.03162277660168379,31,2.2822185126868155
1.0,0.03162277660168379,32,1.6145288949116994
1.0,0.03162277660168379,33,1.0773116466902624
1.0,0.03162277660168379,34,0.8394320443991119
1.0,0.03162277660168379,35,1.4649199583656154
1.0,0.03162277660168379,36,3.1131019229878802
1.0,0.03162277660168379,37,0.8323435604071256
1.0,0.03162277660168379,38,1.0819257349056013
1.0,0.03162277660168379,39,1.1413294434607597
1.0,0.03162277660168379,40,0.7737749369687956
1.0,0.03162277660168379,41,0.9895667023645498
1.0,0.03162277660168379,42,1.2493605381547412
1.0,0.03162277660168379,43,1.6233444893840585
1.0,0.03162277660168379,44,1.7690962425725143
1.0,0.03162277660168379,45,1.0525160355287104
1.0,0.03162277660168379,46,2.109861718013145
1.0,0.03162277660168379,47,1.2697205656928503
1.0,0.03162277660168379,48,0.9100623099627638
1.0,0.03162277660168379,49,1.0858792594028268
1.0,0.03162277660168379,50,1.1564833685397031
1.0,0.03162277660168379,51,1.2673796245036781
1.0,0.03162277660168379,52,1.1143615832938667
1.0,0.03162277660168379,53,0.8434271973682712
1.0,0.03162277660168379,54,1.3147911477278125
1.0,0.03162277660168379,55,0.7820988636400293
1.0,0.03162277660168379,56,0.9143557596542505
1.0,0.03162277660168379,57,1.224801215091582
1.0,0.03162277660168379,58,0.8594346899287746
1.0,0.03162277660168379,59,1.3297331761117857
1.0,0.03162277660168379,60,1.2307161005091143
1.0,0.03162277660168379,61,1.5202509934221071
1.0,0.03162277660168379,62,2.3182364340606147
1.0,0.03162277660168379,63,2.4792073607166047
1.0,0.03162277660168379,64,0.8458517921421304
1.0,0.03162277660168379,65,1.0674579041267602
1.0,0.03162277660168379,66,1.1359658117060463
1.0,0.03162277660168379,67,0.8972112208522725
1.0,0.03162277660168379,68,1.1048237799274923
1.0,0.03162277660168379,69,0.9966597686861698
1.0,0.03162277660168379,70,2.3250088118303935
1.0,0.03162277660168379,71,1.3167134703858614
1.0,0.03162277660168379,72,1.2729096184964614
1.0,0.03162277660168379,73,2.912953634744072
1.0,0.03162277660168379,74,1.010881051070529
1.0,0.03162277660168379,75,1.2732093336505736
1.0,0.03162277660168379,76,1.2017651897362154
1.0,0.03162277660168379,77,0.952483029175868
1.0,0.03162277660168379,78,1.0282696857301261
1.0,0.03162277660168379,79,1.1779243949620029
1.0,0.03162277660168379,80,1.1450368131730297
1.0,0.03162277660168379,81,1.0366463945432374
1.0,0.03162277660168379,82,2.6601092269993063
1.0,0.03162277660168379,83,0.857786951366186
1.0,0.03162277660168379,84,0.7305626844924427
1.0,0.03162277660168379,85,0.9584931608852884
1.0,0.03162277660168379,86,0.9243738164447544
1.0,0.03162277660168379,87,1.1961593300133355
1.0,0.03162277660168379,88,1.4826299994650056
1.0,0.03162277660168379,89,1.3619980740917148
1.0,0.03162277660168379,90,0.9104897327479958
1.0,0.03162277660168379,91,2.0178106790175123
1.0,0.03162277660168379,92,1.0997862405361243
1.0,0.03162277660168379,93,0.6902390937955625
1.0,0.03162277660168379,94,1.3670238097439862
1.0,0.03162277660168379,95,0.7696995026349394
1.0,0.03162277660168379,96,1.003055809483361
1.0,0.03162277660168379,97,1.8700434985205514
1.0,0.03162277660168379,98,1.1424952631505758
1.0,0.03162277660168379,99,1.9955332989369572
1.0,0.1,0,1.947786003541284
1.0,0.1,1,5.410865991947794
1.0,0.1,2,1.861153851323176
1.0,0.1,3,1.8774550468149342
1.0,0.1,4,17.251242273276887
1.0,0.1,5,2.575810934205356
1.0,0.1,6,1.7652586860639428
1.0,0.1,7,3.3659809395559934
1.0,0.1,8,5.59800572723742
1.0,0.1,9,3.0561624644062313
1.0,0.1,10,1.5761871013253512
1.0,0.1,11,2.1034096834741374
1.0,0.1,12,2.950949068914194
1.0,0.1,13,2.9753366639742813
1.0,0.1,14,5.637897169057456
1.0,0.1,15,1.6826797130279867
1.0,0.1,16,1.915646286345346
1.0,0.1,17,2.6525471720727056
1.0,0.1,18,2.6114736115042487
1.0,0.1,19,2.6232451710506197
1.0,0.1,20,2.7193395004096903
1.0,0.1,21,2.870263552277709
1.0,0.1,22,2.96447210717764
1.0,0.1,23,2.2489188360946257
1.0,0.1,24,1.918706140115635
1.0,0.1,25,3.4781512095254663
1.0,0.1,26,4.466255461653702
1.0,0.1,27,2.840309477932936
1.0,0.1,28,3.429713065596557
1.0,0.1,29,1.650453996257858
1.0,0.1,30,6.700697366117341
1.0,0.1,31,4.1645729756262035
1.0,0.1,32,1.3261883595415223
1.0,0.1,33,3.6765846584464814
1.0,0.1,34,5.69594003545313
1.0,0.1,35,5.903990161409881
1.0,0.1,36,5.2918642702167835
1.0,0.1,37,7.67146082941746
1.0,0.1,38,2.4965676181063112
1.0,0.1,39,2.640649200674953
1.0,0.1,40,2.130899014186664
1.0,0.1,41,2.985376849038765
1.0,0.1,42,1.810666440431594
1.0,0.1,43,1.4014761310273796
1.0,0.1,44,1.4252832011227503
1.0,0.1,45,10.384627424129796
1.0,0.1,46,1.3195696658507836
1.0,0.1,47,0.894648899226231
1.0,0.1,48,2.178100262366624
1.0,0.1,49,1.8839633979485608
1.0,0.1,50,2.4016568769354887
1.0,0.1,51,2.207668691099394
1.0,0.1,52,5.243741143416816
1.0,0.1,53,7.3314637377933085
1.0,0.1,54,0.7369314814022526
1.0,0.1,55,1.1617204413785986
1.0,0.1,56,4.517764998066188
1.0,0.1,57,2.280361546882519
1.0,0.1,58,0.9262758935902521
1.0,0.1,59,1.804978710125849
1.0,0.1,60,3.42886094786024
1.0,0.1,61,1.4029355577118898
1.0,0.1,62,4.088181149295854
1.0,0.1,63,2.5503099901520234
1.0,0.1,64,4.96911580335196
1.0,0.1,65,5.185255018327214
1.0,0.1,66,0.8145569706016988
1.0,0.1,67,0.7016912572967401
1.0,0.1,68,2.751621384342277
1.0,0.1,69,2.0769183273132588
1.0,0.1,70,4.182813648852623
1.0,0.1,71,3.268121545664089
1.0,0.1,72,2.723886051231247
1.0,0.1,73,0.881453378080341
1.0,0.1,74,1.5200470512631195
1.0,0.1,75,5.111657487499462
1.0,0.1,76,1.8250716463744108
1.0,0.1,77,8.07472288424492
1.0,0.1,78,7.532867001437583
1.0,0.1,79,1.305484169556808
1.0,0.1,80,8.881703765710823
1.0,0.1,81,16.11366388650345
1.0,0.1,82,1.8888648873154854
1.0,0.1,83,4.454521540689956
1.0,0.1,84,0.6993755424773946
1.0,0.1,85,4.5892957488635036
1.0,0.1,86,2.357728162994643
1.0,0.1,87,4.21681820222585
1.0,0.1,88,2.8909693877337537
1.0,0.1,89,7.511831415439606
1.0,0.1,90,6.767993205946596
1.0,0.1,91,2.8881442150908803
1.0,0.1,92,1.1009619556269101
1.0,0.1,93,8.008340414167954
1.0,0.1,94,1.1074588269514942
1.0,0.1,95,0.8708161553600309
1.0,0.1,96,10.780034036840906
1.0,0.1,97,7.066990635266143
1.0,0.1,98,1.5879720362048686
1.0,0.1,99,4.724534671051687
1.0,0.31622776601683794,0,50.0
1.0,0.31622776601683794,1,50.0
1.0,0.31622776601683794,2,50.0
1.0,0.31622776601683794,3,50.0
1.0,0.31622776601683794,4,50.0
1.0,0.31622776601683794,5,50.0
1.0,0.31622776601683794,6,50.0
1.0,0.31622776601683794,7,50.0
1.0,0.31622776601683794,8,4.899025456590668
1.0,0.31622776601683794,9,50.0
1.0,0.31622776601683794,10,50.0
1.0,0.31622776601683794,11,50.0
1.0,0.31622776601683794,12,50.0
1.0,0.31622776601683794,13,50.0
1.0,0.31622776601683794,14,50.0
1.0,0.31622776601683794,15,50.0
1.0,0.31622776601683794,16,50.0
1.0,0.31622776601683794,17,50.0
1.0,0.31622776601683794,18,50.0
1.0,0.31622776601683794,19,50.0
1.0,0.31622776601683794,20,50.0
1.0,0.31622776601683794,21,50.0
1.0,0.31622776601683794,22,50.0
1.0,0.31622776601683794,23,50.0
1.0,0.31622776601683794,24,50.0
1.0,0.31622776601683794,25,50.0
1.0,0.31622776601683794,26,50.0
1.0,0.31622776601683794,27,50.0
1.0,0.31622776601683794,28,50.0
1.0,0.31622776601683794,29,50.0
1.0,0.31622776601683794,30,50.0
1.0,0.31622776601683794,31,50.0
1.0,0.31622776601683794,32,50.0
1.0,0.31622776601683794,33,50.0
1.0,0.31622776601683794,34,50.0
1.0,0.31622776601683794,35,50.0
1.0,0.31622776601683794,36,50.0
1.0,0.31622776601683794,37,50.0
1.0,0.31622776601683794,38,50.0
1.0,0.31622776601683794,39,50.0
1.0,0.31622776601683794,40,50.0
1.0,0.31622776601683794,41,50.0
1.0,0.31622776601683794,42,50.0
1.0,0.31622776601683794,43,50.0
1.0,0.31622776601683794,44,50.0
1.0,0.31622776601683794,45,50.0
1.0,0.31622776601683794,46,50.0
1.0,0.31622776601683794,47,50.0
1.0,0.31622776601683794,48,50.0
1.0,0.31622776601683794,49,50.0
1.0,0.31622776601683794,50,50.0
1.0,0.31622776601683794,51,50.0
1.0,0.31622776601683794,52,50.0
1.0,0.31622776601683794,53,50.0
1.0,0.31622776601683794,54,50.0
1.0,0.31622776601683794,55,50.0
1.0,0.31622776601683794,56,50.0
1.0,0.31622776601683794,57,50.0
1.0,0.31622776601683794,58,50.0
1.0,0.31622776601683794,59,50.0
1.0,0.31622776601683794,60,50.0
1.0,0.31622776601683794,61,50.0
1.0,0.31622776601683794,62,50.0
1.0,0.31622776601683794,63,50.0
1.0,0.31622776601683794,64,50.0
1.0,0.31622776601683794,65,50.0
1.0,0.31622776601683794,66,50.0
1.0,0.31622776601683794,67,50.0
1.0,0.31622776601683794,68,50.0
1.0,0.31622776601683794,69,50.0
1.0,0.31622776601683794,70,50.0
1.0,0.31622776601683794,71,50.0
1.0,0.31622776601683794,72,50.0
1.0,0.31622776601683794,73,50.0
1.0,0.31622776601683794,74,50.0
1.0,0.31622776601683794,75,50.0
1.0,0.31622776601683794,76,50.0
1.0,0.31622776601683794,77,50.0
1.0,0.31622776601683794,78,50.0
1.0,0.31622776601683794,79,50.0
1.0,0.31622776601683794,80,50.0
1.0,0.31622776601683794,81,50.0
1.0,0.31622776601683794,82,50.0
1.0,0.31622776601683794,83,50.0
1.0,0.31622776601683794,84,50.0
1.0,0.31622776601683794,85,50.0
1.0,0.31622776601683794,86,50.0
1.0,0.31622776601683794,87,50.0
1.0,0.31622776601683794,88,50.0
1.0,0.31622776601683794,89,50.0
1.0,0.31622776601683794,90,50.0
1.0,0.31622776601683794,91,50.0
1.0,0.31622776601683794,92,50.0
1.0,0.31622776601683794,93,50.0
1.0,0.31622776601683794,94,50.0
1.0,0.31622776601683794,95,50.0
1.0,0.31622776601683794,96,50.0
1.0,0.31622776601683794,97,50.0
1.0,0.31622776601683794,98,50.0
1.0,0.31622776601683794,99,50.0
1.0,1.0,0,50.0
1.0,1.0,1,50.0
1.0,1.0,2,50.0
1.0,1.0,3,50.0
1.0,1.0,4,50.0
1.0,1.0,5,50.0
1.0,1.0,6,50.0
1.0,1.0,7,50.0
1.0,1.0,8,50.0
1.0,1.0,9,50.0
1.0,1.0,10,50.0
1.0,1.0,11,50.0
1.0,1.0,12,50.0
1.0,1.0,13,50.0
1.0,1.0,14,50.0
1.0,1.0,15,50.0
1.0,1.0,16,50.0
1.0,1.0,17,50.0
1.0,1.0,18,50.0
1.0,1.0,19,50.0
1.0,1.0,20,50.0
1.0,1.0,21,50.0
1.0,1.0,22,50.0
1.0,1.0,23,50.0
1.0,1.0,24,50.0
1.0,1.0,25,50.0
1.0,1.0,26,50.0
1.0,1.0,27,50.0
1.0,1.0,28,50.0
1.0,1.0,29,50.0
1.0,1.0,30,50.0
1.0,1.0,31,50.0
1.0,1.0,32,50.0
1.0,1.0,33,50.0
1.0,1.0,34,50.0
1.0,1.0,35,50.0
1.0,1.0,36,50.0
1.0,1.0,37,50.0
1.0,1.0,38,50.0
1.0,1.0,39,50.0
1.0,1.0,40,50.0
1.0,1.0,41,50.0
1.0,1.0,42,50.0
1.0,1.0,43,50.0
1.0,1.0,44,50.0
1.0,1.0,45,50.0
1.0,1.0,46,50.0
1.0,1.0,47,50.0
1.0,1.0,48,50.0
1.0,1.0,49,50.0
1.0,1.0,50,50.0
1.0,1.0,51,50.0
1.0,1.0,52,50.0
1.0,1.0,53,50.0
1.0,1.0,54,50.0
1.0,1.0,55,50.0
1.0,1.0,56,50.0
1.0,1.0,57,50.0
1.0,1.0,58,50.0
1.0,1.0,59,50.0
1.0,1.0,60,50.0
1.0,1.0,61,50.0
1.0,1.0,62,50.0
1.0,1.0,63,50.0
1.0,1.0,64,50.0
1.0,1.0,65,50.0
1.0,1.0,66,50.0
1.0,1.0,67,50.0
1.0,1.0,68,50.0
1.0,1.0,69,50.0
1.0,1.0,70,50.0
1.0,1.0,71,50.0
1.0,1.0,72,50.0
1.0,1.0,73,50.0
1.0,1.0,74,50.0
1.0,1.0,75,50.0
1.0,1.0,76,50.0
1.0,1.0,77,50.0
1.0,1.0,78,50.0
1.0,1.0,79,50.0
1.0,1.0,80,50.0
1.0,1.0,81,50.0
1.0,1.0,82,50.0
1.0,1.0,83,50.0
1.0,1.0,84,50.0
1.0,1.0,85,50.0
1.0,1.0,86,50.0
1.0,1.0,87,50.0
1.0,1.0,88,50.0
1.0,1.0,89,50.0
1.0,1.0,90,50.0
1.0,1.0,91,50.0
1.0,1.0,92,50.0
1.0,1.0,93,50.0
1.0,1.0,94,50.0
1.0,1.0,95,50.0
1.0,1.0,96,50.0
1.0,1.0,97,50.0
1.0,1.0,98,50.0
1.0,1.0,99,50.0
