time,free_R,free_W,prod_R,prod_W
4.0092429702245056e-06,1000,999,0,0
0.02045012018637219,1003,999,28,1
0.03875252489606942,999,1002,48,2
0.05718005885745871,992,1001,83,5
0.07640421177222553,998,998,119,10
0.09578541532007633,998,1000,149,14
0.11500026447163123,998,1000,181,18
0.1339051620203704,1000,1002,215,24
0.1519210063152191,998,1001,258,26
0.17038044999940663,996,999,291,29
0.18899601278048658,997,999,328,31
0.20855668488651186,989,1002,359,33
0.2269393695381578,998,1001,402,34
0.246394679296637,999,998,430,36
0.2648110103339258,999,999,459,38
0.28245007417615925,995,1002,495,47
0.3010792035412673,1002,1000,542,49
0.3204125219542592,994,996,575,52
0.34016233022841147,992,999,613,55
0.3585211667987602,994,999,652,60
0.3772746630586155,993,1001,691,64
0.39505322897482814,996,999,728,70
0.413726513059859,997,999,761,74
0.43232558182651276,996,1001,803,77
0.45056502708447743,998,999,832,86
0.4711767042915977,997,1002,867,89
0.49052546703279826,997,1001,903,92
0.5093138889875661,999,999,942,99
0.5284788885874455,995,1002,992,102
0.547869370766796,994,1000,1025,104
0.5666722725059318,992,1002,1051,106
0.5850060195085917,1001,999,1091,110
0.6036710274218542,999,1000,1121,119
0.6234204481928046,999,1002,1154,122
0.6441890978255915,988,1001,1182,124
0.6632626597028268,993,1001,1217,128
0.6820813863675248,1000,1003,1246,134
0.7017835294022998,993,1001,1284,137
0.720940767908548,1000,999,1318,142
0.7398959018486406,993,999,1357,144
0.7581146289890808,998,1000,1390,145
0.7778051544902449,995,1001,1421,146
0.7966554556173038,1002,998,1454,149
0.8155185701955239,997,1003,1496,153
0.8352044587794171,993,1001,1529,156
0.8541499189380899,996,1003,1564,158
0.8730383073510574,996,1003,1589,163
0.8928442827411021,998,998,1616,169
0.9116043396271131,1000,1000,1653,172
0.9305189228645179,999,1002,1683,177
0.9494871581279319,994,1004,1723,182
0.9687346157121229,995,1002,1754,184
0.9876601143178156,999,1002,1791,187
1.0069852596652482,992,1000,1819,190
1.0264086653833118,999,1001,1854,195
1.0463351971470665,992,996,1886,199
1.0653019248142226,1000,1002,1926,205
1.083613178521108,989,1000,1957,207
1.101982349072525,1001,1001,1990,209
1.1207503627836564,990,1000,2027,214
1.1381339495318679,1005,1000,2062,216
1.15747676539677,994,1001,2103,219
1.1766471521777315,1009,999,2132,223
1.1961078071252453,996,1000,2159,226
1.214708132842918,990,999,2190,226
1.2328373577182465,987,1002,2232,228
1.251165931326552,1001,1002,2267,231
1.2698797955212544,996,1000,2302,233
1.2879625649006712,991,998,2334,238
1.3056801143530994,1003,1001,2369,242
1.3239330575990158,993,998,2403,247
1.3431691541970106,993,999,2441,252
1.361688934497071,992,1000,2472,255
1.38071526254694,999,1003,2500,257
1.400229035348908,993,1000,2536,260
1.4184727571919789,998,997,2566,264
1.438337519372215,1000,1001,2592,266
1.4575837893016361,996,999,2624,272
1.476067955783104,995,1002,2664,278
1.4953751424306536,997,1000,2700,280
1.5131505757406853,997,999,2726,283
1.5329747164940404,997,1004,2756,286
1.5527342881453927,1000,1002,2789,290
1.5711086669537626,1000,1000,2823,294
1.5897194955171807,998,998,2855,296
1.608328627676255,997,1000,2888,298
1.6269872979673339,998,1001,2923,299
1.6457639743210974,993,999,2956,307
1.6641256064628298,1003,1000,2989,313
1.682522218107148,1001,1001,3026,315
1.7013964175650442,990,1001,3064,316
1.7203069978958274,994,1002,3092,319
1.7394089950625615,1002,1003,3131,323
1.759042404326866,988,1002,3171,324
1.7775703835982053,1001,1003,3200,327
1.7966446384460357,1001,999,3224,331
1.8156668038762385,1005,1002,3261,337
1.8343029028925257,992,999,3292,340
1.8529597351247882,999,1000,3334,344
1.8705304659933235,997,1003,3362,345
1.8892510409648016,1002,1001,3397,353
1.9078674498097792,998,1000,3435,358
1.9259603712013773,999,1000,3475,361
1.9456856178065043,991,1000,3509,363
1.9632749883466376,996,1002,3549,366
1.9820655897860286,996,999,3597,369
2.0010005785774547,998,999,3634,374
2.0203636260377547,1003,997,3666,375
2.039284835413486,1000,1001,3689,379
2.0593209531265186,992,1002,3723,380
2.077563484263702,991,1002,3761,387
2.0977050334010343,1003,1000,3796,390
2.117663413675302,1002,1002,3829,394
2.1375676964868773,1002,1000,3864,397
2.158028411001588,995,997,3890,399
2.1774191506329843,1008,998,3926,401
2.1961701352447274,1000,1000,3952,405
2.2157879341082083,999,998,3994,410
2.2358719819953587,996,1002,4026,415
2.2551810647020574,998,1001,4064,418
2.2741596668149677,990,999,4098,420
2.2936483120729716,999,998,4128,424
2.313417083855454,997,1002,4156,426
2.332604742717333,995,1001,4194,429
2.352541374424918,996,1001,4231,435
2.3712724330564097,994,1000,4263,438
2.389919550171654,991,1001,4302,441
2.4087203485197004,999,999,4332,447
2.427079893410132,997,1000,4363,451
2.4452338713258093,999,1004,4390,452
2.464439564192178,996,998,4426,455
2.482743995445665,1001,1000,4455,457
2.5034711041908686,999,1001,4482,459
2.5226658013777277,1001,999,4514,461
2.541842848991271,1000,999,4551,469
2.5611519210289906,1003,1002,4579,471
2.580203720222629,997,997,4606,475
2.5983370828540298,991,1000,4638,478
2.6167319966251887,989,1001,4673,482
2.634575868666195,998,999,4705,487
2.6542623701598385,1001,999,4733,490
2.674153044509015,996,1004,4752,493
2.693536080153819,993,1002,4793,495
2.7132025778979556,1001,1000,4820,502
2.7325385737372403,1001,1003,4860,505
2.7515600763802084,994,1001,4895,509
2.769092237838575,996,1001,4934,512
2.7877476748411425,1001,1002,4976,516
2.807501233918632,995,1002,5015,519
2.8270113072279077,1000,1002,5037,522
2.845533397353351,995,1000,5069,527
2.863846126731331,996,1002,5105,532
2.882425028408666,992,1002,5148,533
2.901300227651116,1007,999,5184,537
2.9195126597908745,994,1002,5212,541
2.93774632660028,1002,999,5249,545
2.9568058936076995,996,1003,5277,547
2.9759785831388608,999,1001,5313,550
2.9953409860187747,998,1000,5358,551
3.013416061197013,995,1002,5394,556
3.0330913041126624,993,999,5432,559
3.0510499361496373,1004,1001,5469,559
3.0703604135598126,997,998,5491,565
3.0899310087865133,998,1000,5519,568
3.1087695250061236,1002,999,5553,575
3.1275741047037062,1003,996,5588,578
3.146260514518632,992,999,5621,579
3.164995373239435,1000,1001,5655,583
3.1829725311524975,997,999,5681,586
3.2016827118782176,996,999,5721,593
3.2214521399749794,997,999,5761,596
3.2402609621829703,999,1000,5783,599
3.2592530943259566,989,1000,5831,601
3.2777897343881017,994,1000,5856,605
3.2974859150165807,999,997,5878,607
3.3160684043998723,997,1001,5909,610
3.3343224437946497,997,999,5946,617
3.353457569624247,985,1000,5974,626
3.372047890396932,1001,1001,6012,627
3.3914675937952143,992,1002,6039,632
3.409899596249197,987,1002,6089,635
3.4285792856753927,1004,1003,6117,637
3.447798450895056,994,1000,6152,643
3.4664639995466975,1003,1002,6184,644
3.485275630300373,996,1000,6216,647
3.5044787647452846,1003,999,6250,653
3.5230361836135584,991,1000,6284,656
3.541826880306924,999,1000,6323,657
3.5616929886646007,994,999,6355,661
3.5806589164757274,995,1001,6386,661
3.599339792720448,995,1003,6413,662
3.618978014183268,1002,999,6439,671
3.637249563571992,996,1001,6477,675
3.6558271128147863,996,1000,6514,679
3.6733960993489787,996,1002,6542,681
3.6927003685777677,995,1002,6584,684
3.712508258777188,997,1001,6610,685
3.730852438928807,1003,1002,6640,690
3.748911625254358,1000,1003,6676,694
3.7674983985704813,1004,1001,6706,696
3.78533943333461,993,1001,6739,698
3.8040996983637134,992,1001,6777,701
3.8226074014109335,988,1001,6816,702
3.841513952442729,993,1000,6850,706
3.860370147656157,992,1001,6897,709
3.879419116591497,989,998,6927,709
3.898634211219042,998,997,6960,716
3.9165117036133936,1001,1002,6984,720
3.9343233103886366,993,1000,7019,723
3.9537919954220713,993,1001,7057,728
3.973943398525516,997,1000,7101,733
3.9907417615063916,996,1003,7138,736
4.009859150311816,1006,1000,7166,741
4.0292022704740855,999,1000,7194,746
4.047793028738774,996,1002,7227,748
4.06597996246109,998,1001,7263,751
4.0848598702010275,997,1001,7290,757
4.103515481932243,997,1001,7317,760
4.122885265346214,994,1001,7354,762
4.142088474411761,989,1002,7389,765
4.159931331772291,996,999,7427,767
4.179150968367258,996,1001,7451,769
4.198336191345984,997,1002,7473,769
4.216898355660425,983,1001,7510,777
4.235590496122764,999,1001,7553,780
4.25503172072972,992,1003,7582,782
4.274564617930819,994,998,7616,785
4.292704967452821,1000,1001,7645,791
4.312299444238338,993,999,7681,794
4.3316375022795315,992,999,7720,798
4.351103194566865,1001,1003,7753,800
4.37032432299194,999,1000,7791,803
4.389789684271758,992,1001,7820,804
4.409078773110371,998,999,7847,807
4.428274240854372,999,1005,7888,807
4.447227234942712,994,1002,7918,809
4.465562512751566,1001,1002,7948,812
4.484964410682665,994,999,7986,816
4.502756750767958,1000,1001,8023,823
4.522299523798632,997,997,8061,826
4.541554008627195,1004,1000,8091,830
4.559296195119264,996,999,8133,835
4.578367812952148,1004,1000,8158,843
4.598145434805398,1001,1003,8192,847
4.6169303835561015,1000,1000,8227,852
4.635438165236922,993,998,8265,855
4.655304284601262,994,1001,8305,861
4.674739316880052,1004,997,8344,866
4.69330242467097,998,999,8379,871
4.712776279599344,992,1000,8410,877
4.731246413585324,998,1002,8452,879
4.751152537824118,1000,1002,8480,883
4.770525705633103,995,1000,8516,888
4.790170694075675,998,1000,8550,893
4.809080318375825,989,997,8587,896
4.8279016996769215,1003,1000,8619,899
4.846785705965126,998,999,8651,903
4.8667065037210575,994,1002,8681,906
4.885982464799581,996,1001,8715,911
4.90517705715305,996,998,8759,914
4.924342123679349,994,1001,8794,916
4.943146034313166,994,1001,8821,919
4.961453704866003,1003,998,8858,924
4.979888218030916,990,1001,8884,928
4.9995426353090915,997,1004,8917,929
5.01914720340618,1002,1003,8951,931
5.03770898319809,991,999,8989,936
5.056050166290508,996,1000,9030,941
5.074758324047771,998,1003,9067,941
5.094943437942936,1001,1001,9092,945
5.114287449772687,997,1002,9116,946
5.132928647025673,995,1003,9142,951
5.152824087337914,994,999,9172,956
5.171597430715792,997,1004,9206,960
5.190905877225147,998,1001,9240,962
5.209258096299731,997,1001,9277,966
5.229009057987984,996,997,9320,970
5.248480111879685,1003,1003,9351,972
5.267663081756403,992,1000,9391,976
5.286452515128379,1005,1001,9421,978
5.305106535827662,991,1003,9458,981
5.325953069274166,994,1000,9496,985
5.34474826485613,998,1001,9534,992
5.364442421689757,998,1002,9559,1000
5.382733978942771,999,1002,9597,1003
5.40277786756639,1001,1001,9632,1007
5.422622255757106,995,1001,9663,1008
5.440644558105472,995,1002,9679,1009
5.45917538285557,994,1002,9713,1014
5.4792731789814075,994,997,9747,1019
5.498278230465228,994,1002,9779,1022
5.517732650564702,992,997,9812,1024
5.53752458197085,998,1002,9843,1026
5.556707766724021,996,997,9871,1033
5.575369483643238,995,1000,9908,1034
5.593662435096994,998,999,9953,1037
5.613325862924033,994,1001,9983,1041
5.632234430099756,993,1002,10016,1044
5.651950536441665,998,1002,10038,1045
5.670453562824894,993,999,10067,1048
5.688838099779468,996,1002,10100,1051
5.707105561412193,998,1002,10129,1056
5.725771732170815,1001,1000,10155,1063
5.745282974551417,1003,1001,10196,1071
5.764454806348115,1002,1003,10230,1072
5.782631162624766,996,999,10268,1076
5.802161880887751,1000,1000,10306,1083
5.821303794281111,1002,1001,10340,1086
5.840214060988026,1005,1001,10369,1088
5.859392852821941,990,1002,10406,1091
5.8784556994801545,1004,1001,10439,1095
5.897409028629499,997,1004,10463,1097
5.915871078900905,1005,1000,10489,1103
5.934134960084297,998,1002,10516,1105
5.9543668025113385,999,1002,10549,1109
5.973573705278607,987,1000,10592,1112
5.992490038643711,994,999,10621,1117
6.010463156910367,991,1001,10647,1120
6.0298402089149326,995,1001,10682,1121
6.049301046194025,997,1000,10719,1125
6.069418374859839,997,999,10753,1130
6.089172513276656,1001,999,10779,1132
6.1079803171764615,998,998,10803,1136
6.126455772237475,999,998,10842,1142
6.145159365389944,993,1001,10870,1147
6.163598498420255,996,1001,10907,1149
6.183658598677698,999,1001,10939,1156
6.201935016260458,1001,1001,10979,1160
6.221568524892861,991,1003,11013,1166
6.240954863145353,1001,1001,11040,1171
6.259416990751206,1001,1003,11065,1172
6.2787770627062605,997,999,11105,1178
6.2976180799074895,999,1000,11147,1179
6.31733347498761,994,1001,11179,1183
6.336011716405091,1002,1001,11210,1188
6.354784261422644,1001,998,11239,1193
6.373807040817231,997,1003,11271,1194
6.3931694411042175,991,1002,11307,1197
6.4116206273507315,998,998,11346,1203
6.43056111833463,994,996,11382,1207
6.449782783675753,989,1001,11413,1208
6.468070566370124,997,1003,11447,1210
6.486471130944192,997,1002,11477,1211
6.505046620056932,994,1002,11516,1213
6.524682093905645,998,998,11558,1219
6.543242034284742,989,1000,11594,1222
6.562492181669561,998,999,11620,1226
6.581129374957276,992,1001,11649,1229
6.599887982585227,1001,998,11678,1234
6.619106978554446,992,1000,11717,1240
6.638458450252687,997,1001,11756,1243
6.657943241424535,1001,1000,11784,1252
6.676800885173742,991,1005,11821,1252
6.695526201854262,992,1000,11852,1255
6.7146893823137965,999,998,11883,1257
6.733306876781799,1006,1003,11919,1259
6.752085527964312,993,1000,11960,1262
6.771593971101734,1002,1001,11996,1266
6.790957177217514,995,997,12027,1272
6.809414739264492,992,1001,12065,1277
6.826859810942686,1007,1003,12098,1281
6.845811627598622,990,1002,12128,1283
6.865046341978216,992,1003,12167,1285
6.884299066211361,999,1002,12200,1286
6.9033726440535865,996,996,12227,1292
6.9227477302779885,1002,999,12256,1296
6.941920535336764,990,1000,12298,1303
6.9606371230059985,996,1001,12333,1307
6.978775768104679,1003,1003,12377,1308
6.997958643013008,996,1002,12409,1314
7.016949634014841,994,1000,12447,1318
7.03547844356409,989,1000,12477,1325
7.054837515353538,994,1001,12507,1329
7.073232786198471,995,998,12549,1331
7.092532158774959,995,1001,12580,1337
7.110396380864836,998,997,12614,1346
7.129111569426208,993,1003,12655,1346
7.148103004452817,1001,1001,12688,1353
7.166890613595298,991,1000,12723,1355
7.186809897804537,994,1003,12757,1357
7.2047253339954995,1000,1001,12802,1358
7.223669058923398,1000,1002,12841,1362
7.242618014289394,987,1001,12869,1368
7.261717707884151,1000,1002,12896,1373
7.280786988238184,1002,997,12934,1374
7.300026589521524,992,999,12971,1377
7.319093200148018,988,1000,13001,1382
7.338500293210387,1002,999,13034,1382
7.3567627953554755,1001,1001,13069,1388
7.3758354206906525,993,1001,13107,1396
7.394586339724467,999,999,13136,1401
7.414243827804816,997,999,13168,1405
7.433209513639993,1002,999,13193,1409
7.451265357784212,1004,1000,13226,1415
7.470086444392024,991,1001,13259,1418
7.488579866721227,996,1001,13293,1419
7.5079321209249885,992,1002,13327,1420
7.526997335232246,993,1002,13364,1426
7.547198146583087,1003,996,13395,1429
7.567058699059108,995,998,13427,1433
7.585913243826251,988,1002,13461,1436
7.604262642914074,993,998,13493,1439
7.622959727081841,999,1000,13529,1445
7.642581260326775,1000,1001,13555,1449
7.661400249587328,992,1000,13585,1452
7.679707334130089,999,998,13618,1458
7.6977449907067115,996,999,13650,1464
7.7168197117576875,999,1000,13678,1468
7.735976315846697,988,1002,13720,1473
7.753968210443967,993,1001,13756,1475
7.774043397915466,1000,1003,13790,1478
7.792475258860465,989,1002,13825,1481
7.8115865882781685,997,1000,13862,1482
7.82939940838202,988,999,13903,1489
7.848419511546289,999,1000,13941,1493
7.86781250453643,1002,1000,13970,1499
7.887867313536881,996,1002,14005,1502
7.907503387494849,1001,997,14034,1507
7.925901484070794,993,1001,14061,1510
7.94560056033766,996,998,14094,1513
7.963885085006776,994,1002,14121,1518
7.983262193876316,996,1002,14140,1523
8.000982880735735,998,999,14172,1524
8.020125373583834,994,999,14206,1528
8.039510288788273,1005,996,14234,1532
8.058526103556659,997,1001,14270,1537
8.076965468686975,996,1001,14311,1541
8.096560859344288,994,1003,14343,1543
8.114858301313141,997,999,14382,1545
8.133016640880113,999,1002,14420,1548
8.152161095985209,1011,994,14454,1552
8.171086229028655,1004,1000,14479,1558
8.19051271344737,997,1000,14511,1565
8.21020017097684,995,1003,14549,1570
8.229779402237579,991,1001,14592,1573
8.248906282176398,998,1001,14624,1576
8.268385436837432,1002,999,14646,1580
8.287152530761157,1002,1003,14674,1584
8.307089284405885,998,1000,14701,1586
8.324649105883951,990,996,14727,1588
8.34216139120344,1001,999,14757,1594
8.360969650018513,992,999,14793,1599
8.378327918270761,994,1001,14832,1604
8.397098883826505,991,1002,14868,1606
8.415349813376421,993,1002,14901,1611
8.434152840128368,1004,1001,14929,1615
8.45360030141913,991,1000,14961,1621
8.472963076124543,995,1004,14997,1627
8.491117167981525,999,1003,15023,1628
8.50989338184983,1005,1002,15057,1633
8.529945621293415,997,1000,15096,1636
8.549165379986837,994,1000,15123,1638
8.567125290292788,999,999,15154,1645
8.586646778577984,998,1000,15186,1649
8.605783738331773,993,1000,15225,1653
8.624064591614308,997,999,15260,1655
8.643522359673534,1000,1003,15294,1658
8.663139320830082,995,1001,15319,1660
8.681793859487945,994,1001,15346,1664
8.701288601885203,996,1000,15380,1671
8.719788673711175,1001,998,15413,1677
8.738263884400283,1006,998,15431,1682
8.757418718124997,1000,1003,15462,1684
8.775264193105064,994,1003,15506,1686
8.795778607218047,997,1000,15541,1693
8.815137714643942,997,1001,15572,1695
8.83497949505198,1000,1000,15608,1699
8.853752642548452,1000,1003,15649,1701
8.872198254484891,1001,1001,15677,1706
8.891329432307442,999,1001,15709,1710
8.910353326025046,1003,999,15749,1716
8.92966433585953,995,999,15786,1719
8.949935417534896,1000,1001,15817,1723
8.968445319270682,990,1002,15853,1726
8.987328052916498,996,1000,15886,1729
9.006978995450085,999,998,15907,1735
9.02496438375912,994,1001,15940,1736
9.043049106762188,1002,1004,15973,1738
9.06299376867597,997,1003,16008,1739
9.081493797851632,1004,1002,16032,1745
9.100818186778525,998,999,16064,1748
9.11836239280561,996,1003,16098,1750
9.136956278547533,992,1001,16124,1752
9.155083064283938,997,998,16154,1758
9.173861232131422,998,1001,16176,1762
9.193341072523607,995,1001,16202,1767
9.211902270926265,992,1001,16240,1770
9.231277913041215,990,1001,16272,1774
9.249951263826409,1003,1000,16305,1779
9.268700121984711,1000,1001,16334,1780
9.288162391425077,999,1001,16369,1784
9.306898426326407,991,1000,16408,1790
9.325622749627145,1000,1002,16436,1795
9.344858483238097,998,999,16467,1799
9.364509066761748,995,999,16500,1803
9.3827106333935,998,1000,16545,1808
9.40184949457937,995,1001,16580,1813
9.419808420666506,998,1003,16611,1817
9.438683324437491,997,1002,16635,1821
9.459484726263087,992,1002,16676,1821
9.478509479542007,991,999,16710,1824
